zaal,naam,resultaat,hoeken
zaal_1,IMG_20190323_111717.jpg,True,"[array([[[ 413,  252]],

       [[2129,  276]],

       [[2103, 3260]],

       [[ 529, 3290]]], dtype=int32)]"
zaal_1,IMG_20190323_111739.jpg,False,[]
zaal_1,IMG_20190323_111749.jpg,True,"[array([[[ 253,  991]],

       [[ 747, 1026]],

       [[ 745, 1657]],

       [[ 281, 1648]]]), array([[[3479, 1244]],

       [[3480, 1464]],

       [[3302, 1464]],

       [[3304, 1254]]], dtype=int32), array([[[2807, 1442]],

       [[2789, 1254]],

       [[2604, 1256]],

       [[2605, 1450]]])]"
zaal_1,IMG_20190323_111804.jpg,False,[]
zaal_1,IMG_20190323_111817.jpg,False,[]
zaal_1,IMG_20190323_111828.jpg,True,"[array([[[2399,  633]],

       [[2313, 2691]],

       [[ 541, 2649]],

       [[ 636,  830]]], dtype=int32)]"
zaal_1,IMG_20190323_111837.jpg,True,"[array([[[ 488,  693]],

       [[2307,  832]],

       [[2229, 2670]],

       [[ 483, 2637]]], dtype=int32)]"
zaal_1,IMG_20190323_111845.jpg,True,"[array([[[2333,  667]],

       [[3679,  674]],

       [[3658, 2331]],

       [[2323, 2330]]], dtype=int32), array([[[ 225,  824]],

       [[1357,  824]],

       [[1356, 2180]],

       [[ 232, 2180]]], dtype=int32)]"
zaal_1,IMG_20190323_111852.jpg,True,"[array([[[ 532,  501]],

       [[2348,  541]],

       [[2327, 3098]],

       [[ 573, 3099]]], dtype=int32)]"
zaal_1,IMG_20190323_111858.jpg,False,[]
zaal_10,IMG_20190323_113818.jpg,False,[]
zaal_10,IMG_20190323_113824.jpg,True,"[array([[[1242,  803]],

       [[2718,  804]],

       [[2699, 1839]],

       [[1312, 1852]]], dtype=int32)]"
zaal_10,IMG_20190323_113829.jpg,False,[]
zaal_10,IMG_20190323_113834.jpg,False,[]
zaal_10,IMG_20190323_113840.jpg,True,"[array([[[ 675, 1021]],

       [[2210, 1041]],

       [[2179, 2885]],

       [[ 681, 2875]]], dtype=int32)]"
zaal_10,IMG_20190323_113846.jpg,True,"[array([[[ 759, 1038]],

       [[2120, 1042]],

       [[2069, 2707]],

       [[ 751, 2683]]], dtype=int32)]"
zaal_10,IMG_20190323_113859.jpg,True,"[array([[[ 901,  651]],

       [[3140,  671]],

       [[3121, 2220]],

       [[ 913, 2232]]], dtype=int32)]"
zaal_10,IMG_20190323_113904.jpg,True,"[array([[[ 514,  441]],

       [[2593,  492]],

       [[2505, 3312]],

       [[ 538, 3311]]], dtype=int32)]"
zaal_10,IMG_20190323_113909.jpg,True,"[array([[[ 810,  565]],

       [[3108,  603]],

       [[3068, 2240]],

       [[ 846, 2278]]], dtype=int32)]"
zaal_10,IMG_20190323_113915.jpg,False,[]
zaal_10,IMG_20190323_113920.jpg,True,"[array([[[ 603,  610]],

       [[2362,  644]],

       [[2247, 3032]],

       [[ 636, 3052]]], dtype=int32)]"
zaal_10,IMG_20190323_113924.jpg,True,"[array([[[ 562,  521]],

       [[2462,  572]],

       [[2370, 3110]],

       [[ 622, 3120]]], dtype=int32)]"
zaal_10,IMG_20190323_113929.jpg,True,"[array([[[ 525,  703]],

       [[2295,  720]],

       [[2201, 2859]],

       [[ 593, 2848]]], dtype=int32)]"
zaal_10,IMG_20190323_113933.jpg,True,"[array([[[ 910,  644]],

       [[2949,  661]],

       [[3246, 2687]],

       [[ 642, 2773]]], dtype=int32)]"
zaal_10,IMG_20190323_113938.jpg,True,"[array([[[2342,  526]],

       [[2273, 3338]],

       [[ 413, 3329]],

       [[ 340,  606]]], dtype=int32)]"
zaal_11,IMG_20190323_114030.jpg,True,"[array([[[3468,  515]],

       [[3446, 2626]],

       [[ 450, 2602]],

       [[ 418,  521]]], dtype=int32)]"
zaal_11,IMG_20190323_114036.jpg,True,"[array([[[3204, 2439]],

       [[3278,  425]],

       [[ 740,  406]],

       [[ 784, 2471]]])]"
zaal_11,IMG_20190323_114042.jpg,True,"[array([[[2067,  852]],

       [[2042, 3008]],

       [[ 867, 3005]],

       [[ 832,  859]]], dtype=int32)]"
zaal_11,IMG_20190323_114048.jpg,True,"[array([[[ 790,  985]],

       [[2133,  995]],

       [[2098, 2577]],

       [[ 812, 2565]]], dtype=int32)]"
zaal_11,IMG_20190323_114053.jpg,False,[]
zaal_11,IMG_20190323_114059.jpg,True,"[array([[[ 401,  212]],

       [[3470,  240]],

       [[3431, 2650]],

       [[ 474, 2693]]], dtype=int32)]"
zaal_11,IMG_20190323_114105.jpg,False,[]
zaal_11,IMG_20190323_114113.jpg,True,"[array([[[ 557,  630]],

       [[2313,  743]],

       [[2240, 3030]],

       [[ 673, 3029]]], dtype=int32)]"
zaal_11,IMG_20190323_114121.jpg,True,"[array([[[ 901,  614]],

       [[2766,  660]],

       [[2790, 2011]],

       [[ 983, 2032]]], dtype=int32)]"
zaal_11,IMG_20190323_114127.jpg,False,[]
zaal_12,IMG_20190323_114204.jpg,False,[]
zaal_12,IMG_20190323_114236.jpg,True,"[array([[[ 685,  365]],

       [[2133,  720]],

       [[2028, 2787]],

       [[ 694, 3066]]], dtype=int32)]"
zaal_12,IMG_20190323_114238.jpg,False,[]
zaal_12,IMG_20190323_114244.jpg,False,[]
zaal_13,IMG_20190323_114444.jpg,True,"[array([[[ 665,  473]],

       [[3322,  482]],

       [[3293, 2446]],

       [[ 695, 2460]]], dtype=int32)]"
zaal_13,IMG_20190323_114450.jpg,False,[]
zaal_13,IMG_20190323_114502.jpg,True,"[array([[[ 991,  626]],

       [[3120,  657]],

       [[3121, 2340]],

       [[ 984, 2373]]], dtype=int32)]"
zaal_13,IMG_20190323_114519.jpg,True,"[array([[[3369,  421]],

       [[3408, 2568]],

       [[ 674, 2655]],

       [[ 625,  436]]], dtype=int32)]"
zaal_13,IMG_20190323_114528.jpg,True,"[array([[[3145,  593]],

       [[3119, 2365]],

       [[ 932, 2487]],

       [[ 796,  609]]], dtype=int32)]"
zaal_13,IMG_20190323_114535.jpg,True,"[array([[[3626,  410]],

       [[3603, 2588]],

       [[ 446, 2616]],

       [[ 375,  439]]], dtype=int32)]"
zaal_13,IMG_20190323_114542.jpg,True,"[array([[[ 291,  392]],

       [[3690,  403]],

       [[3591, 2278]],

       [[ 421, 2260]]], dtype=int32)]"
zaal_13,IMG_20190323_114551.jpg,True,"[array([[[ 539,  348]],

       [[3475,  351]],

       [[3324, 2640]],

       [[ 572, 2530]]], dtype=int32)]"
zaal_13,IMG_20190323_114601.jpg,True,"[array([[[ 408,  239]],

       [[3523,  274]],

       [[3384, 2349]],

       [[ 361, 2491]]], dtype=int32)]"
zaal_13,IMG_20190323_114619.jpg,True,"[array([[[ 724,  421]],

       [[3397,  460]],

       [[3428, 2526]],

       [[ 772, 2624]]], dtype=int32)]"
zaal_13,IMG_20190323_114629.jpg,False,[]
zaal_13,IMG_20190323_114634.jpg,False,[]
zaal_13,IMG_20190323_114642.jpg,True,"[array([[[ 652,  459]],

       [[3479,  477]],

       [[3460, 2459]],

       [[ 696, 2478]]], dtype=int32)]"
zaal_14,IMG_20190323_114720.jpg,True,"[array([[[2497,  206]],

       [[3023, 3269]],

       [[  34, 3289]],

       [[ 489,  210]]], dtype=int32)]"
zaal_14,IMG_20190323_114730.jpg,True,"[array([[[2281,  652]],

       [[2328, 2822]],

       [[ 520, 2875]],

       [[ 542,  672]]], dtype=int32)]"
zaal_14,IMG_20190323_114742.jpg,False,[]
zaal_14,IMG_20190323_114750.jpg,False,[]
zaal_14,IMG_20190323_114800.jpg,False,[]
zaal_14,IMG_20190323_114807.jpg,True,"[array([[[3730,  193]],

       [[4028, 2680]],

       [[   0, 2661]],

       [[ 245,  264]]], dtype=int32)]"
zaal_14,IMG_20190323_114815.jpg,True,"[array([[[2340,  881]],

       [[2272, 2699]],

       [[ 854, 2690]],

       [[ 843,  872]]], dtype=int32)]"
zaal_14,IMG_20190323_114826.jpg,False,[]
zaal_14,IMG_20190323_114836.jpg,True,"[array([[[   0,  279]],

       [[3496,  334]],

       [[3530, 2638]],

       [[   0, 2673]]])]"
zaal_14,IMG_20190323_114845.jpg,True,"[array([[[3342,  502]],

       [[3470, 2564]],

       [[ 589, 2650]],

       [[ 690,  553]]], dtype=int32)]"
zaal_14,IMG_20190323_114853.jpg,False,[]
zaal_14,IMG_20190323_114917.jpg,True,"[array([[[ 786,  578]],

       [[2936,  597]],

       [[2909, 2339]],

       [[ 787, 2304]]], dtype=int32)]"
zaal_14,IMG_20190323_114924.jpg,True,"[array([[[2498,  595]],

       [[2533, 3009]],

       [[ 395, 3079]],

       [[ 336,  590]]], dtype=int32)]"
zaal_14,IMG_20190323_114931.jpg,True,"[array([[[ 716,  469]],

       [[3236,  477]],

       [[3228, 2389]],

       [[ 754, 2400]]], dtype=int32)]"
zaal_15,IMG_20190323_115217.jpg,True,"[array([[[2728,  402]],

       [[2620, 3408]],

       [[ 296, 3386]],

       [[ 225,  421]]], dtype=int32)]"
zaal_15,IMG_20190323_115222.jpg,True,"[array([[[ 397,  635]],

       [[2620,  674]],

       [[2521, 3310]],

       [[ 444, 3300]]], dtype=int32)]"
zaal_15,IMG_20190323_115237.jpg,True,"[array([[[ 508,  284]],

       [[3346,  314]],

       [[3318, 2788]],

       [[ 530, 2811]]], dtype=int32)]"
zaal_15,IMG_20190323_115244.jpg,True,"[array([[[ 565,  305]],

       [[3379,  391]],

       [[3467, 2777]],

       [[ 463, 2833]]], dtype=int32)]"
zaal_15,IMG_20190323_115249.jpg,True,"[array([[[2903,  405]],

       [[2800, 3347]],

       [[ 307, 3285]],

       [[ 218,  439]]], dtype=int32)]"
zaal_15,IMG_20190323_115256.jpg,True,"[array([[[ 696,  511]],

       [[3437,  549]],

       [[3381, 2390]],

       [[ 726, 2390]]], dtype=int32)]"
zaal_15,IMG_20190323_115301.jpg,True,"[array([[[3358,  500]],

       [[3336, 2199]],

       [[ 925, 2256]],

       [[ 865,  501]]], dtype=int32)]"
zaal_15,IMG_20190323_115313.jpg,True,"[array([[[ 652, 1043]],

       [[2733, 1105]],

       [[2625, 3359]],

       [[ 693, 3426]]], dtype=int32)]"
zaal_15,IMG_20190323_115319.jpg,True,"[array([[[3278,  434]],

       [[3248, 2722]],

       [[ 493, 2659]],

       [[ 505,  436]]], dtype=int32)]"
zaal_15,IMG_20190323_115325.jpg,True,"[array([[[2510,  654]],

       [[2712, 3039]],

       [[ 357, 3046]],

       [[ 544,  679]]], dtype=int32)]"
zaal_15,IMG_20190323_115334.jpg,True,"[array([[[ 605,  226]],

       [[3336,  244]],

       [[3281, 2622]],

       [[ 655, 2643]]], dtype=int32)]"
zaal_15,IMG_20190323_115351.jpg,True,"[array([[[ 646,  348]],

       [[3198,  378]],

       [[3207, 2669]],

       [[ 684, 2677]]], dtype=int32)]"
zaal_15,IMG_20190323_115356.jpg,True,"[array([[[3385,  366]],

       [[3378, 2730]],

       [[ 815, 2704]],

       [[ 807,  412]]], dtype=int32)]"
zaal_15,IMG_20190323_115509.jpg,True,"[array([[[3368,  361]],

       [[3356, 2576]],

       [[ 645, 2599]],

       [[ 620,  373]]], dtype=int32)]"
zaal_15,IMG_20190323_115515.jpg,True,"[array([[[2800,  743]],

       [[2752, 3188]],

       [[ 470, 3128]],

       [[ 409,  806]]], dtype=int32)]"
zaal_15,IMG_20190323_115520.jpg,True,"[array([[[ 823,  386]],

       [[3298,  393]],

       [[3487, 2717]],

       [[ 692, 2789]]], dtype=int32)]"
zaal_15,IMG_20190323_115527.jpg,False,[]
zaal_15,IMG_20190323_115532.jpg,False,[]
zaal_15,IMG_20190323_115539.jpg,False,[]
zaal_15,IMG_20190323_115546.jpg,False,[]
zaal_15,IMG_20190323_115551.jpg,False,[]
zaal_15,IMG_20190323_115559.jpg,False,[]
zaal_15,IMG_20190323_115648.jpg,True,"[array([[[ 803, 2442]],

       [[3439, 2612]],

       [[3337,  528]],

       [[ 918,  572]]])]"
zaal_15,IMG_20190323_115715.jpg,True,"[array([[[2848,  333]],

       [[2772, 3298]],

       [[ 275, 3268]],

       [[ 216,  376]]], dtype=int32)]"
zaal_15,IMG_20190323_115723.jpg,True,"[array([[[ 604,  524]],

       [[2450,  593]],

       [[2377, 2718]],

       [[ 593, 2687]]], dtype=int32)]"
zaal_15,IMG_20190323_115729.jpg,True,"[array([[[ 394,  603]],

       [[2479,  614]],

       [[2430, 2997]],

       [[ 474, 3007]]], dtype=int32)]"
zaal_15,IMG_20190323_115734.jpg,True,"[array([[[2374,  915]],

       [[2324, 2787]],

       [[ 684, 2798]],

       [[ 642,  917]]], dtype=int32)]"
zaal_15,IMG_20190323_115742.jpg,True,"[array([[[2380,  909]],

       [[2340, 3188]],

       [[ 489, 3124]],

       [[ 472,  934]]], dtype=int32)]"
zaal_15,IMG_20190323_115747.jpg,True,"[array([[[ 546,  914]],

       [[2380,  935]],

       [[2320, 2969]],

       [[ 585, 2948]]], dtype=int32)]"
zaal_15,IMG_20190323_115808.jpg,True,"[array([[[2730,  514]],

       [[2720, 3457]],

       [[ 256, 3436]],

       [[ 216,  527]]], dtype=int32)]"
zaal_15,IMG_20190323_115813.jpg,True,"[array([[[ 525,  643]],

       [[2568,  679]],

       [[2496, 3006]],

       [[ 552, 2978]]], dtype=int32)]"
zaal_15,IMG_20190323_115822.jpg,True,"[array([[[ 168,  536]],

       [[2583,  557]],

       [[2505, 3237]],

       [[ 240, 3245]]], dtype=int32)]"
zaal_15,IMG_20190323_115911.jpg,True,"[array([[[ 404,  234]],

       [[3568,  245]],

       [[3558, 2688]],

       [[ 426, 2710]]], dtype=int32)]"
zaal_15,IMG_20190323_115916.jpg,True,"[array([[[2927,  779]],

       [[2878, 2151]],

       [[1244, 2179]],

       [[1187,  783]]], dtype=int32)]"
zaal_15,IMG_20190323_115919.jpg,True,"[array([[[1445,  885]],

       [[2645,  886]],

       [[2691, 2120]],

       [[1426, 2139]]], dtype=int32)]"
zaal_15,IMG_20190323_115924.jpg,True,"[array([[[ 583,  276]],

       [[3728,  244]],

       [[3758, 2600]],

       [[ 625, 2679]]], dtype=int32)]"
zaal_15,IMG_20190323_115940.jpg,True,"[array([[[1404,  524]],

       [[3586,  561]],

       [[3559, 2099]],

       [[1423, 2144]]], dtype=int32)]"
zaal_15,IMG_20190323_115950.jpg,True,"[array([[[ 403,  145]],

       [[3587,  253]],

       [[3597, 2432]],

       [[ 431, 2571]]], dtype=int32)]"
zaal_15,IMG_20190323_115959.jpg,True,"[array([[[2467,  849]],

       [[2429, 3076]],

       [[ 608, 3016]],

       [[ 585,  895]]], dtype=int32)]"
zaal_15,IMG_20190323_120003.jpg,True,"[array([[[ 224,  484]],

       [[2546,  495]],

       [[2507, 3235]],

       [[ 323, 3278]]], dtype=int32)]"
zaal_15,IMG_20190323_120008.jpg,True,"[array([[[2728,  324]],

       [[2680, 3396]],

       [[ 306, 3428]],

       [[ 191,  339]]], dtype=int32)]"
zaal_15,IMG_20190323_120015.jpg,True,"[array([[[ 256,  486]],

       [[2616,  495]],

       [[2540, 3193]],

       [[ 324, 3178]]], dtype=int32)]"
zaal_15,IMG_20190323_120040.jpg,True,"[array([[[3518,  184]],

       [[3518, 2762]],

       [[ 543, 2750]],

       [[ 544,  184]]], dtype=int32)]"
zaal_15,IMG_20190323_120044.jpg,True,"[array([[[2818,  495]],

       [[2760, 3246]],

       [[ 406, 3210]],

       [[ 348,  543]]], dtype=int32)]"
zaal_15,IMG_20190323_120118.jpg,True,"[array([[[ 364,  146]],

       [[3748,  184]],

       [[3718, 2648]],

       [[ 423, 2720]]], dtype=int32)]"
zaal_15,IMG_20190323_120122.jpg,True,"[array([[[ 594,  485]],

       [[3306,  504]],

       [[3318, 2658]],

       [[ 603, 2692]]], dtype=int32)]"
zaal_15,IMG_20190323_120135.jpg,True,"[array([[[ 345,  154]],

       [[3804,  147]],

       [[3806, 2908]],

       [[ 365, 2890]]], dtype=int32)]"
zaal_15,IMG_20190323_120141.jpg,True,"[array([[[3827,  175]],

       [[3807, 2698]],

       [[ 344, 2718]],

       [[ 305,  214]]], dtype=int32)]"
zaal_15,IMG_20190323_120144.jpg,True,"[array([[[1115,  765]],

       [[2970,  794]],

       [[2874, 2277]],

       [[1175, 2270]]], dtype=int32)]"
zaal_15,IMG_20190323_120146.jpg,True,"[array([[[1226,  793]],

       [[2932,  804]],

       [[2968, 2288]],

       [[1163, 2269]]], dtype=int32)]"
zaal_15,IMG_20190323_120210.jpg,True,"[array([[[2780,  601]],

       [[2741, 2979]],

       [[ 264, 2928]],

       [[ 315,  613]]], dtype=int32)]"
zaal_15,IMG_20190323_120226.jpg,True,"[array([[[ 602,  295]],

       [[3378,  343]],

       [[3361, 2600]],

       [[ 627, 2638]]], dtype=int32)]"
zaal_15,IMG_20190323_120243.jpg,True,"[array([[[ 664,  229]],

       [[3076,  260]],

       [[3047, 2819]],

       [[ 665, 2839]]], dtype=int32)]"
zaal_15,IMG_20190323_120248.jpg,True,"[array([[[ 114,  354]],

       [[2688,  361]],

       [[2568, 3338]],

       [[ 213, 3319]]], dtype=int32)]"
zaal_15,IMG_20190323_120253.jpg,True,"[array([[[2761,  643]],

       [[2669, 3109]],

       [[ 302, 3077]],

       [[ 244,  651]]], dtype=int32)]"
zaal_15,IMG_20190323_120301.jpg,True,"[array([[[ 276,  602]],

       [[2609,  644]],

       [[2513, 3198]],

       [[ 324, 3213]]], dtype=int32)]"
zaal_15,IMG_20190323_120304.jpg,True,"[array([[[ 497,  996]],

       [[2530, 1005]],

       [[2398, 3109]],

       [[ 605, 3095]]], dtype=int32)]"
zaal_15,IMG_20190323_120309.jpg,True,"[array([[[2342,  972]],

       [[2268, 2927]],

       [[ 596, 2948]],

       [[ 477,  976]]], dtype=int32)]"
zaal_16,IMG_20190323_120406.jpg,True,"[array([[[3500,  223]],

       [[3560, 2481]],

       [[ 287, 2534]],

       [[ 407,  240]]], dtype=int32)]"
zaal_16,IMG_20190323_120417.jpg,True,"[array([[[2611,  272]],

       [[2687, 3210]],

       [[ 252, 3199]],

       [[ 320,  347]]], dtype=int32)]"
zaal_16,IMG_20190323_120430.jpg,True,"[array([[[ 458,  231]],

       [[2700,  261]],

       [[2674, 3146]],

       [[ 378, 3170]]], dtype=int32)]"
zaal_16,IMG_20190323_120439.jpg,True,"[array([[[3570,  223]],

       [[3640, 2581]],

       [[ 435, 2593]],

       [[ 397,  360]]], dtype=int32)]"
zaal_16,IMG_20190323_120443.jpg,True,"[array([[[4031,  380]],

       [[3399, 2502]],

       [[ 467, 2583]],

       [[   4,  361]]], dtype=int32)]"
zaal_17,IMG_20190323_120515.jpg,True,"[array([[[ 685,  570]],

       [[2350,  575]],

       [[2360, 2618]],

       [[ 663, 2608]]], dtype=int32)]"
zaal_17,IMG_20190323_120524.jpg,True,"[array([[[ 658,  256]],

       [[3368,  290]],

       [[3528, 2508]],

       [[ 503, 2520]]], dtype=int32)]"
zaal_17,IMG_20190323_120533.jpg,True,"[array([[[ 520,  421]],

       [[2494,  422]],

       [[2560, 3000]],

       [[ 424, 2998]]], dtype=int32)]"
zaal_17,IMG_20190323_120538.jpg,True,"[array([[[ 673,  364]],

       [[3307,  423]],

       [[3360, 2410]],

       [[ 554, 2379]]], dtype=int32)]"
zaal_17,IMG_20190323_120545.jpg,True,"[array([[[ 575,  549]],

       [[2451,  594]],

       [[2519, 3039]],

       [[ 472, 3048]]], dtype=int32)]"
zaal_17,IMG_20190323_120553.jpg,True,"[array([[[2337,  465]],

       [[2449, 3076]],

       [[ 311, 3088]],

       [[ 350,  469]]], dtype=int32)]"
zaal_17,IMG_20190323_120603.jpg,True,"[array([[[2471,  248]],

       [[2571, 3129]],

       [[ 394, 3158]],

       [[ 443,  273]]], dtype=int32)]"
zaal_17,IMG_20190323_120608.jpg,True,"[array([[[ 679,  820]],

       [[2327,  861]],

       [[2317, 2808]],

       [[ 614, 2798]]], dtype=int32)]"
zaal_17,IMG_20190323_120617.jpg,True,"[array([[[3239,  682]],

       [[3419, 2662]],

       [[ 693, 2691]],

       [[ 913,  611]]], dtype=int32)]"
zaal_18,IMG_20190323_120650.jpg,False,[]
zaal_18,IMG_20190323_120704.jpg,True,"[array([[[2059, 1055]],

       [[2050, 3036]],

       [[ 656, 3078]],

       [[ 616, 1054]]], dtype=int32), array([[[ 258, 1365]],

       [[2311, 1652]],

       [[2336, 3527]],

       [[ 266, 3604]]], dtype=int32)]"
zaal_18,IMG_20190323_120709.jpg,True,"[array([[[ 439, 3253]],

       [[2669, 3276]],

       [[2479,  753]],

       [[ 523,  701]]])]"
zaal_18,IMG_20190323_120713.jpg,False,[]
zaal_18,IMG_20190323_120719.jpg,False,[]
zaal_18,IMG_20190323_120725.jpg,True,"[array([[[ 373,  883]],

       [[2442,  873]],

       [[2299, 3139]],

       [[ 571, 3129]]], dtype=int32)]"
zaal_18,IMG_20190323_120731.jpg,True,"[array([[[2090, 1093]],

       [[2062, 2843]],

       [[ 703, 2830]],

       [[ 671, 1122]]], dtype=int32)]"
zaal_18,IMG_20190323_120735.jpg,True,"[array([[[2140, 1093]],

       [[2110, 2528]],

       [[ 954, 2547]],

       [[ 903, 1102]]], dtype=int32)]"
zaal_18,IMG_20190323_120740.jpg,True,"[array([[[ 710,  992]],

       [[2192, 1019]],

       [[2159, 2709]],

       [[ 762, 2742]]], dtype=int32), array([[[ 428, 3371]],

       [[2449, 3337]],

       [[2441, 1951]],

       [[ 450, 1870]]])]"
zaal_18,IMG_20190323_120746.jpg,True,"[array([[[2454,  650]],

       [[2541, 3223]],

       [[ 384, 3298]],

       [[ 323,  755]]], dtype=int32)]"
zaal_18,IMG_20190323_120752.jpg,False,[]
zaal_18,IMG_20190323_120756.jpg,True,"[array([[[ 427, 3487]],

       [[2496, 3476]],

       [[2560,  655]],

       [[ 378,  627]]])]"
zaal_18,IMG_20190323_120801.jpg,True,"[array([[[ 753, 1171]],

       [[2139, 1174]],

       [[2077, 2845]],

       [[ 858, 2843]]], dtype=int32)]"
zaal_18,IMG_20190323_120805.jpg,True,"[array([[[ 316,  845]],

       [[2188,  875]],

       [[2147, 3165]],

       [[ 506, 3174]]], dtype=int32)]"
zaal_18,IMG_20190323_120810.jpg,True,"[array([[[2447,  686]],

       [[2349, 3536]],

       [[ 397, 3534]],

       [[ 305,  707]]], dtype=int32)]"
zaal_18,IMG_20190323_120814.jpg,True,"[array([[[ 295,  786]],

       [[2557,  835]],

       [[2364, 3754]],

       [[ 368, 3836]]], dtype=int32)]"
zaal_19,IMG_20190323_120852.jpg,True,"[array([[[2276, 3314]],

       [[2293,  682]],

       [[ 342,  658]],

       [[ 403, 3268]]])]"
zaal_19,IMG_20190323_120858.jpg,True,"[array([[[1279,  599]],

       [[2933,  613]],

       [[2990, 1897]],

       [[1245, 1900]]], dtype=int32)]"
zaal_19,IMG_20190323_120903.jpg,True,"[array([[[ 928,  508]],

       [[2984,  526]],

       [[3120, 2230]],

       [[ 735, 2252]]], dtype=int32)]"
zaal_19,IMG_20190323_120907.jpg,True,"[array([[[ 806,  997]],

       [[2369, 1017]],

       [[2248, 2805]],

       [[ 861, 2834]]], dtype=int32)]"
zaal_19,IMG_20190323_120916.jpg,True,"[array([[[ 814,  441]],

       [[3253,  475]],

       [[3128, 2550]],

       [[ 905, 2479]]], dtype=int32)]"
zaal_19,IMG_20190323_120936.jpg,True,"[array([[[ 765, 2577]],

       [[2944, 2564]],

       [[3079,  422]],

       [[ 676,  410]]])]"
zaal_19,IMG_20190323_120945.jpg,True,"[array([[[1064,  707]],

       [[3127,  691]],

       [[3436, 2412]],

       [[ 956, 2344]]], dtype=int32)]"
zaal_19,IMG_20190323_120954.jpg,True,"[array([[[2688,  497]],

       [[2722, 1497]],

       [[1394, 1473]],

       [[1434,  515]]], dtype=int32), array([[[1016,  404]],

       [[ 920, 1722]],

       [[   1, 1795]],

       [[   0,  406]]], dtype=int32), array([[[3321, 2069]],

       [[3998, 2090]],

       [[4031,  332]],

       [[3165,  350]]])]"
zaal_19,IMG_20190323_120957.jpg,True,"[array([[[2768,  829]],

       [[2762, 2116]],

       [[1393, 2063]],

       [[1345,  832]]], dtype=int32), array([[[3024, 1987]],

       [[3764, 1972]],

       [[3791, 1254]],

       [[3046, 1255]]])]"
zaal_19,IMG_20190323_121003.jpg,True,"[array([[[1036,  775]],

       [[2958,  794]],

       [[2938, 2202]],

       [[1085, 2197]]], dtype=int32)]"
zaal_19,IMG_20190323_121006.jpg,True,"[array([[[2877,  785]],

       [[3024, 2087]],

       [[1130, 2083]],

       [[1227,  805]]], dtype=int32)]"
zaal_19,IMG_20190323_121012.jpg,True,"[array([[[ 884, 2427]],

       [[3094, 2342]],

       [[3180,  506]],

       [[ 847,  530]]])]"
zaal_19,IMG_20190323_121015.jpg,True,"[array([[[3054,  560]],

       [[3234, 2123]],

       [[ 628, 2099]],

       [[ 881,  573]]], dtype=int32)]"
zaal_19,IMG_20190323_121021.jpg,True,"[array([[[2681,  926]],

       [[2650, 1690]],

       [[1221, 1637]],

       [[1206,  931]]], dtype=int32), array([[[ 697,  927]],

       [[ 776, 2043]],

       [[  10, 2125]],

       [[   0,  943]]], dtype=int32)]"
zaal_19,IMG_20190323_121025.jpg,True,"[array([[[2730, 2176]],

       [[2770,  938]],

       [[1392,  930]],

       [[1479, 2141]]])]"
zaal_19,IMG_20190323_121029.jpg,True,"[array([[[2729,  983]],

       [[2667, 2074]],

       [[1408, 2124]],

       [[1304,  994]]], dtype=int32)]"
zaal_19,IMG_20190323_121032.jpg,True,"[array([[[1197, 2307]],

       [[2637, 2232]],

       [[2724,  846]],

       [[1126,  845]]])]"
zaal_19,IMG_20190323_121037.jpg,False,[]
zaal_19,IMG_20190323_121045.jpg,True,"[array([[[1183,  746]],

       [[2786,  756]],

       [[2733, 2195]],

       [[1266, 2196]]], dtype=int32)]"
zaal_19,IMG_20190323_121049.jpg,True,"[array([[[2996,  804]],

       [[4031,  813]],

       [[4016, 2799]],

       [[2956, 2707]]], dtype=int32)]"
zaal_19,IMG_20190323_121054.jpg,False,[]
zaal_19,IMG_20190323_121100.jpg,True,"[array([[[ 743,  617]],

       [[3390,  607]],

       [[3399, 2570]],

       [[ 826, 2658]]], dtype=int32)]"
zaal_19,IMG_20190323_121102.jpg,False,[]
zaal_19,IMG_20190323_121107.jpg,True,"[array([[[ 668, 2852]],

       [[3374, 2755]],

       [[3428,  480]],

       [[ 702,  506]]])]"
zaal_19,IMG_20190323_121110.jpg,True,"[array([[[1288,  953]],

       [[2766,  936]],

       [[2937, 2028]],

       [[1195, 2039]]], dtype=int32)]"
zaal_19,IMG_20190323_121115.jpg,False,[]
zaal_19,IMG_20190323_121118.jpg,True,"[array([[[1032,  634]],

       [[2894,  669]],

       [[2742, 2328]],

       [[1099, 2334]]], dtype=int32)]"
zaal_19,IMG_20190323_121124.jpg,True,"[array([[[3060,  634]],

       [[3234, 2236]],

       [[ 810, 2248]],

       [[ 995,  640]]], dtype=int32)]"
zaal_19,IMG_20190323_121132.jpg,True,"[array([[[2553,  810]],

       [[2476, 2357]],

       [[1322, 2390]],

       [[1219,  834]]], dtype=int32)]"
zaal_19,IMG_20190323_121139.jpg,True,"[array([[[1580,  824]],

       [[2608,  846]],

       [[2633, 2234]],

       [[1529, 2215]]], dtype=int32), array([[[ 975,  537]],

       [[ 769, 2381]],

       [[  13, 2398]],

       [[   0,  570]]], dtype=int32), array([[[4031,    0]],

       [[4031, 1898]],

       [[2879, 1895]],

       [[2823,    0]]], dtype=int32), array([[[2302,  134]],

       [[2294,  697]],

       [[1588,  684]],

       [[1615,  130]]], dtype=int32), array([[[2894, 2896]],

       [[2875, 2351]],

       [[2449, 2346]],

       [[2471, 2905]]])]"
zaal_19,IMG_20190323_121142.jpg,True,"[array([[[ 964, 1625]],

       [[ 711, 3023]],

       [[  79, 3023]],

       [[   0, 1641]]], dtype=int32), array([[[3059,  310]],

       [[3127,  827]],

       [[2325,  827]],

       [[2313,  306]]], dtype=int32), array([[[2287, 1236]],

       [[2275, 1738]],

       [[1606, 1728]],

       [[1645, 1226]]], dtype=int32), array([[[2587, 1867]],

       [[2719, 3023]],

       [[1511, 3023]],

       [[1587, 1867]]], dtype=int32)]"
zaal_19,IMG_20190323_121148.jpg,True,"[array([[[3549,  308]],

       [[3572, 2896]],

       [[ 134, 2764]],

       [[ 370,  374]]], dtype=int32)]"
zaal_19,IMG_20190323_121155.jpg,True,"[array([[[2682, 2491]],

       [[2644,  495]],

       [[1252,  483]],

       [[1254, 2472]]])]"
zaal_19,IMG_20190323_121157.jpg,True,"[array([[[2734,  924]],

       [[2809, 2113]],

       [[1287, 2141]],

       [[1445,  953]]], dtype=int32), array([[[2851,    0]],

       [[2902,  482]],

       [[2288,  514]],

       [[2270,    3]]], dtype=int32)]"
zaal_19,IMG_20190323_121205.jpg,False,[]
zaal_19,IMG_20190323_121207.jpg,True,"[array([[[2527,  865]],

       [[3230, 3023]],

       [[ 992, 3023]],

       [[1436,  868]]], dtype=int32), array([[[2465,   84]],

       [[2517,  685]],

       [[1998,  695]],

       [[1961,   90]]], dtype=int32)]"
zaal_19,IMG_20190323_121212.jpg,True,"[array([[[1151, 2447]],

       [[2641, 2317]],

       [[2698,  476]],

       [[1090,  491]]])]"
zaal_19,IMG_20190323_121216.jpg,False,[]
zaal_19,IMG_20190323_121221.jpg,True,"[array([[[2863,  424]],

       [[3059, 2481]],

       [[1096, 2498]],

       [[1218,  422]]], dtype=int32)]"
zaal_19,IMG_20190323_121226.jpg,True,"[array([[[3278,    0]],

       [[3178, 2762]],

       [[ 583, 2629]],

       [[ 400,    0]]])]"
zaal_19,IMG_20190323_121230.jpg,True,"[array([[[1168,  937]],

       [[2746,  969]],

       [[2917, 2388]],

       [[ 982, 2387]]], dtype=int32)]"
zaal_19,IMG_20190323_121237.jpg,True,"[array([[[ 558,  582]],

       [[3200,  601]],

       [[3370, 2542]],

       [[ 378, 2573]]], dtype=int32)]"
zaal_19,IMG_20190323_121242.jpg,True,"[array([[[1353,  537]],

       [[2907,  545]],

       [[2834, 2361]],

       [[1398, 2340]]], dtype=int32)]"
zaal_19,IMG_20190323_121245.jpg,True,"[array([[[1296,  751]],

       [[2568,  776]],

       [[2767, 2660]],

       [[1095, 2667]]], dtype=int32)]"
zaal_19,IMG_20190323_121250.jpg,True,"[array([[[ 565,  483]],

       [[2339,  503]],

       [[2383, 3322]],

       [[ 475, 3293]]], dtype=int32)]"
zaal_19,IMG_20190323_121255.jpg,True,"[array([[[2440,  911]],

       [[2601, 3618]],

       [[ 341, 3696]],

       [[ 380, 1027]]], dtype=int32)]"
zaal_19,IMG_20190323_121300.jpg,True,"[array([[[ 386,  780]],

       [[2429,  857]],

       [[2307, 3129]],

       [[ 394, 3118]]], dtype=int32)]"
zaal_19,IMG_20190323_121303.jpg,True,"[array([[[ 658,  995]],

       [[2209, 1010]],

       [[2487, 3157]],

       [[ 336, 3164]]], dtype=int32)]"
zaal_19,IMG_20190323_121308.jpg,True,"[array([[[ 488,  552]],

       [[2493,  554]],

       [[2473, 3166]],

       [[ 452, 3131]]], dtype=int32)]"
zaal_19,IMG_20190323_121312.jpg,True,"[array([[[2678, 1127]],

       [[2764, 1996]],

       [[1416, 1957]],

       [[1487, 1137]]], dtype=int32), array([[[1483,  361]],

       [[2126,  351]],

       [[2127,  967]],

       [[1447,  987]]], dtype=int32), array([[[3028, 2097]],

       [[3150, 3023]],

       [[1085, 3023]],

       [[1175, 2106]]], dtype=int32), array([[[1137,  500]],

       [[1066,  855]],

       [[ 457,  847]],

       [[ 560,  481]]], dtype=int32)]"
zaal_19,IMG_20190323_121318.jpg,True,"[array([[[ 452,  169]],

       [[3564,  259]],

       [[3578, 2768]],

       [[ 395, 2809]]], dtype=int32)]"
zaal_19,IMG_20190323_121321.jpg,True,"[array([[[2913, 1057]],

       [[3064, 2049]],

       [[2165, 2063]],

       [[2126, 1069]]], dtype=int32), array([[[2562,  130]],

       [[2596,  528]],

       [[1884,  536]],

       [[1913,  141]]], dtype=int32)]"
zaal_19,IMG_20190323_121329.jpg,True,"[array([[[3288,  303]],

       [[3269, 2654]],

       [[ 349, 2608]],

       [[ 374,  294]]], dtype=int32)]"
zaal_19,IMG_20190323_121333.jpg,False,[]
zaal_19,IMG_20190323_121339.jpg,False,[]
zaal_19,IMG_20190323_121342.jpg,False,[]
zaal_19,IMG_20190323_121346.jpg,True,"[array([[[2787,  475]],

       [[2779, 2449]],

       [[1186, 2526]],

       [[1071,  500]]], dtype=int32)]"
zaal_19,IMG_20190323_121349.jpg,True,"[array([[[3505,  344]],

       [[3439, 2361]],

       [[1001, 2502]],

       [[ 817,  369]]], dtype=int32)]"
zaal_19,IMG_20190323_121354.jpg,False,[]
zaal_19,IMG_20190323_121357.jpg,False,[]
zaal_19,IMG_20190323_121411.jpg,True,"[array([[[4052,  899]],

       [[2536,  944]],

       [[2555, 1922]],

       [[3997, 2036]]]), array([[[1247, 1895]],

       [[1172, 2753]],

       [[ 180, 2698]],

       [[ 243, 1902]]], dtype=int32), array([[[1267,  997]],

       [[1204, 1816]],

       [[ 193, 1780]],

       [[ 285, 1032]]], dtype=int32), array([[[2240, 1046]],

       [[2253, 1645]],

       [[1497, 1655]],

       [[1495, 1064]]], dtype=int32), array([[[1817,  265]],

       [[1808,  758]],

       [[1155,  766]],

       [[1180,  292]]], dtype=int32), array([[[2403, 2664]],

       [[2854, 2653]],

       [[2818, 2217]],

       [[2395, 2216]]])]"
zaal_19,IMG_20190323_121420.jpg,True,"[array([[[3741, 1602]],

       [[3813, 2536]],

       [[2705, 2556]],

       [[2664, 1614]]], dtype=int32), array([[[3977,  856]],

       [[3988, 1568]],

       [[3185, 1567]],

       [[3148,  860]]], dtype=int32), array([[[2240,  269]],

       [[2795,  274]],

       [[2809,  738]],

       [[2246,  759]]], dtype=int32), array([[[ 849,  727]],

       [[1326,  727]],

       [[1346,  277]],

       [[ 883,  272]]]), array([[[2484,  986]],

       [[2467, 1417]],

       [[2026, 1425]],

       [[2016,  985]]], dtype=int32), array([[[1555,  295]],

       [[2035,  303]],

       [[2035,  718]],

       [[1554,  718]]], dtype=int32), array([[[3048, 1408]],

       [[3022,  995]],

       [[2566,  994]],

       [[2576, 1406]]])]"
zaal_19,IMG_20190323_121434.jpg,True,"[array([[[3656,  924]],

       [[3735, 1827]],

       [[2388, 1815]],

       [[2373,  951]]], dtype=int32), array([[[2655, 1947]],

       [[3756, 1948]],

       [[3842, 2894]],

       [[2723, 2874]]], dtype=int32), array([[[3708,  208]],

       [[3718,  777]],

       [[2946,  785]],

       [[2925,  244]]], dtype=int32)]"
zaal_19,IMG_20190323_121447.jpg,True,"[array([[[3648, 1075]],

       [[3674, 1964]],

       [[2466, 1927]],

       [[2445, 1086]]], dtype=int32), array([[[1278,  995]],

       [[1234, 1567]],

       [[ 487, 1555]],

       [[ 520,  992]]], dtype=int32), array([[[3054, 1977]],

       [[3666, 1996]],

       [[3693, 2574]],

       [[3071, 2548]]], dtype=int32)]"
zaal_19,IMG_20190323_121457.jpg,True,"[array([[[2436,  955]],

       [[2466, 1858]],

       [[1185, 1869]],

       [[1222,  963]]], dtype=int32), array([[[3613, 1582]],

       [[3655, 2467]],

       [[2591, 2465]],

       [[2565, 1574]]], dtype=int32), array([[[3539,  937]],

       [[3555, 1488]],

       [[2825, 1485]],

       [[2806,  948]]], dtype=int32), array([[[1097, 1385]],

       [[1087, 2017]],

       [[ 588, 2037]],

       [[ 613, 1387]]], dtype=int32), array([[[408, 829]],

       [[788, 826]],

       [[798, 364]],

       [[435, 376]]]), array([[[1493,  415]],

       [[1488,  778]],

       [[1034,  775]],

       [[1046,  415]]], dtype=int32), array([[[3387,  746]],

       [[3358,  405]],

       [[2906,  403]],

       [[2915,  746]]]), array([[[2110,  431]],

       [[2105,  759]],

       [[1704,  758]],

       [[1697,  434]]], dtype=int32), array([[[1859, 1997]],

       [[1854, 2357]],

       [[1487, 2357]],

       [[1495, 2005]]], dtype=int32), array([[[2699,  425]],

       [[2699,  738]],

       [[2314,  738]],

       [[2306,  434]]], dtype=int32)]"
zaal_19,IMG_20190323_121507.jpg,False,[]
zaal_19,IMG_20190323_121523.jpg,True,"[array([[[2777, 1034]],

       [[2812, 2250]],

       [[2012, 2246]],

       [[2008, 1062]]], dtype=int32), array([[[ 948,  975]],

       [[ 936, 1647]],

       [[ 404, 1664]],

       [[ 419,  992]]], dtype=int32), array([[[2980, 1710]],

       [[3519, 1712]],

       [[3544, 2363]],

       [[2998, 2352]]], dtype=int32), array([[[ 876, 1688]],

       [[ 849, 2275]],

       [[ 424, 2274]],

       [[ 432, 1694]]], dtype=int32)]"
zaal_19,IMG_20190323_121537.jpg,True,"[array([[[1918, 1571]],

       [[1923, 2435]],

       [[ 945, 2411]],

       [[ 988, 1572]]], dtype=int32), array([[[2915, 1337]],

       [[2951, 2378]],

       [[2130, 2367]],

       [[2135, 1347]]], dtype=int32), array([[[ 347, 1546]],

       [[1155, 1538]],

       [[1188,  876]],

       [[ 401,  868]]]), array([[[3670,  977]],

       [[3713, 1716]],

       [[3101, 1725]],

       [[3064,  994]]], dtype=int32), array([[[3673, 1754]],

       [[3697, 2394]],

       [[3189, 2394]],

       [[3154, 1757]]], dtype=int32), array([[[2818,  865]],

       [[2816, 1285]],

       [[2227, 1288]],

       [[2215,  875]]], dtype=int32), array([[[1654,  937]],

       [[1653, 1405]],

       [[1281, 1421]],

       [[1277,  938]]], dtype=int32), array([[[1076,  777]],

       [[1466,  756]],

       [[1470,  295]],

       [[1100,  309]]]), array([[[3972,  284]],

       [[3990,  668]],

       [[3697,  694]],

       [[3666,  288]]], dtype=int32), array([[[2041,  984]],

       [[2038, 1370]],

       [[1740, 1375]],

       [[1736,  988]]], dtype=int32)]"
zaal_19,IMG_20190323_121545.jpg,True,"[array([[[3266, 1574]],

       [[3303, 2505]],

       [[2228, 2514]],

       [[2194, 1585]]], dtype=int32), array([[[3592, 1549]],

       [[3539,  835]],

       [[2687,  846]],

       [[2705, 1527]]]), array([[[2374,  258]],

       [[2356,  747]],

       [[1815,  737]],

       [[1819,  250]]], dtype=int32), array([[[466, 728]],

       [[936, 715]],

       [[944, 275]],

       [[494, 284]]]), array([[[1627,  296]],

       [[1608,  707]],

       [[1143,  705]],

       [[1156,  285]]], dtype=int32), array([[[2037,  966]],

       [[2034, 1387]],

       [[1576, 1386]],

       [[1584,  964]]], dtype=int32), array([[[3803,  738]],

       [[3767,  244]],

       [[3364,  254]],

       [[3388,  737]]]), array([[[2555, 1416]],

       [[2561,  976]],

       [[2117,  977]],

       [[2126, 1385]]]), array([[[1693, 2356]],

       [[1698, 1947]],

       [[1276, 1947]],

       [[1257, 2335]]])]"
zaal_19,IMG_20190323_121604.jpg,True,"[array([[[2457, 1189]],

       [[2469, 2122]],

       [[1131, 2116]],

       [[1164, 1194]]], dtype=int32), array([[[2381,  850]],

       [[2383,  331]],

       [[1765,  332]],

       [[1754,  849]]]), array([[[ 966, 1843]],

       [[ 946, 2465]],

       [[ 443, 2467]],

       [[ 475, 1841]]], dtype=int32), array([[[1053, 1149]],

       [[ 487, 1140]],

       [[ 460, 1782]],

       [[1023, 1774]]])]"
zaal_19,IMG_20190323_121622.jpg,True,"[array([[[1691,  910]],

       [[ 632,  927]],

       [[ 670, 2526]],

       [[1731, 2514]]]), array([[[2665,  917]],

       [[2711, 1944]],

       [[1832, 1952]],

       [[1824,  926]]], dtype=int32)]"
zaal_2,IMG_20190323_112012.jpg,True,"[array([[[ 788,    0]],

       [[1002, 2010]],

       [[3199, 1981]],

       [[3139,    0]]])]"
zaal_2,IMG_20190323_112018.jpg,True,"[array([[[2563,  695]],

       [[2560, 3186]],

       [[ 454, 3198]],

       [[ 390,  675]]], dtype=int32)]"
zaal_2,IMG_20190323_112026.jpg,True,"[array([[[ 246,  574]],

       [[2665,  573]],

       [[2639, 3228]],

       [[ 303, 3217]]], dtype=int32)]"
zaal_2,IMG_20190323_112038.jpg,False,[]
zaal_2,IMG_20190323_112045.jpg,False,[]
zaal_2,IMG_20190323_112058.jpg,True,"[array([[[3860,  995]],

       [[3829, 1831]],

       [[2813, 1820]],

       [[2829,  967]]], dtype=int32), array([[[ 223,  986]],

       [[1147, 1003]],

       [[1139, 1770]],

       [[ 234, 1760]]], dtype=int32)]"
zaal_2,IMG_20190323_112107.jpg,False,[]
zaal_2,IMG_20190323_112113.jpg,False,[]
zaal_2,IMG_20190323_112120.jpg,True,"[array([[[2504,  744]],

       [[3640,  754]],

       [[3599, 2081]],

       [[2483, 2060]]], dtype=int32)]"
zaal_2,IMG_20190323_112130.jpg,True,"[array([[[2747,  456]],

       [[2799, 1754]],

       [[1046, 1696]],

       [[1109,  485]]], dtype=int32), array([[[3558, 1824]],

       [[3656, 2584]],

       [[2954, 2612]],

       [[2910, 1813]]], dtype=int32)]"
zaal_2,IMG_20190323_112147.jpg,True,"[array([[[ 746,  605]],

       [[2539,  575]],

       [[2477, 2850]],

       [[ 744, 2847]]], dtype=int32)]"
zaal_2,IMG_20190323_112153.jpg,True,"[array([[[ 221,  302]],

       [[2859,  318]],

       [[2770, 3418]],

       [[ 295, 3436]]], dtype=int32)]"
zaal_2,IMG_20190323_112200.jpg,True,"[array([[[2199, 1161]],

       [[2221, 3437]],

       [[ 255, 3440]],

       [[ 214, 1177]]], dtype=int32)]"
zaal_2,IMG_20190323_112206.jpg,False,[]
zaal_2,IMG_20190323_112211.jpg,True,"[array([[[3288,  446]],

       [[3248, 2491]],

       [[ 832, 2491]],

       [[ 763,  475]]], dtype=int32)]"
zaal_2,IMG_20190323_112217.jpg,True,"[array([[[2468,  635]],

       [[2391, 3118]],

       [[ 515, 3097]],

       [[ 485,  641]]], dtype=int32)]"
zaal_2,IMG_20190323_112228.jpg,True,"[array([[[2567,  857]],

       [[2519, 2829]],

       [[ 454, 2827]],

       [[ 407,  881]]], dtype=int32)]"
zaal_2,IMG_20190323_112235.jpg,True,"[array([[[2367,  454]],

       [[2351, 3359]],

       [[ 503, 3349]],

       [[ 500,  478]]], dtype=int32)]"
zaal_5,IMG_20190323_112625.jpg,False,[]
zaal_5,IMG_20190323_112639.jpg,False,[]
zaal_5,IMG_20190323_112652.jpg,False,[]
zaal_5,IMG_20190323_112706.jpg,False,[]
zaal_5,IMG_20190323_112715.jpg,False,[]
zaal_5,IMG_20190323_112728.jpg,False,[]
zaal_5,IMG_20190323_112737.jpg,False,[]
zaal_5,IMG_20190323_112747.jpg,True,"[array([[[ 702,  863]],

       [[2343,  995]],

       [[2401, 2840]],

       [[ 665, 2825]]], dtype=int32)]"
zaal_5,IMG_20190323_112800.jpg,False,[]
zaal_6,IMG_20190323_112904.jpg,True,"[array([[[ 984,  703]],

       [[3418,  740]],

       [[3407, 2258]],

       [[ 956, 2328]]], dtype=int32)]"
zaal_6,IMG_20190323_112910.jpg,False,[]
zaal_6,IMG_20190323_112917.jpg,False,[]
zaal_6,IMG_20190323_112923.jpg,False,[]
zaal_6,IMG_20190323_112927.jpg,False,[]
zaal_6,IMG_20190323_112938.jpg,False,[]
zaal_6,IMG_20190323_112947.jpg,True,"[array([[[ 154,  324]],

       [[3918,  423]],

       [[3870, 2570]],

       [[ 174, 2531]]], dtype=int32)]"
zaal_6,IMG_20190323_112956.jpg,False,[]
zaal_6,IMG_20190323_113018.jpg,True,"[array([[[ 534,  199]],

       [[3486,  246]],

       [[3428, 2639]],

       [[ 536, 2722]]], dtype=int32)]"
zaal_6,IMG_20190323_113025.jpg,False,[]
zaal_7,IMG_20190323_113057.jpg,True,"[array([[[ 517, 1046]],

       [[2452, 1135]],

       [[2638, 3322]],

       [[ 306, 3457]]], dtype=int32)]"
zaal_7,IMG_20190323_113103.jpg,True,"[array([[[ 787,  455]],

       [[3249,  466]],

       [[3249, 2559]],

       [[ 840, 2628]]], dtype=int32)]"
zaal_7,IMG_20190323_113114.jpg,True,"[array([[[ 386,  364]],

       [[3701,  422]],

       [[3746, 2729]],

       [[ 401, 2904]]], dtype=int32)]"
zaal_7,IMG_20190323_113121.jpg,True,"[array([[[ 572,  515]],

       [[3219,  552]],

       [[3149, 2485]],

       [[ 619, 2480]]], dtype=int32)]"
zaal_7,IMG_20190323_113129.jpg,True,"[array([[[ 214, 3486]],

       [[2600, 3443]],

       [[2669,  605]],

       [[ 188,  615]]])]"
zaal_7,IMG_20190323_113134.jpg,True,"[array([[[ 287,  731]],

       [[2751,  775]],

       [[2579, 3078]],

       [[ 337, 2974]]], dtype=int32)]"
zaal_7,IMG_20190323_113141.jpg,True,"[array([[[ 881, 1348]],

       [[2071, 1363]],

       [[2049, 2622]],

       [[ 899, 2626]]], dtype=int32)]"
zaal_7,IMG_20190323_113148.jpg,True,"[array([[[1869, 1224]],

       [[1853, 2456]],

       [[ 843, 2457]],

       [[ 822, 1225]]], dtype=int32)]"
zaal_7,IMG_20190323_113202.jpg,True,"[array([[[3181, 2258]],

       [[3262,  686]],

       [[ 885,  687]],

       [[1076, 2258]]])]"
zaal_7,IMG_20190323_113208.jpg,True,"[array([[[ 171, 2625]],

       [[2163, 2534]],

       [[2171,  252]],

       [[ 240,  238]]]), array([[[3841, 2752]],

       [[3786, 1294]],

       [[2660, 1233]],

       [[2701, 2719]]])]"
zaal_7,IMG_20190323_113216.jpg,True,"[array([[[3541,  431]],

       [[3546, 2609]],

       [[ 649, 2718]],

       [[ 596,  429]]], dtype=int32)]"
zaal_8,IMG_20190323_113257.jpg,True,"[array([[[ 210,  395]],

       [[2645,  431]],

       [[2535, 3343]],

       [[ 245, 3246]]], dtype=int32)]"
zaal_8,IMG_20190323_113303.jpg,True,"[array([[[ 242,  500]],

       [[2736,  576]],

       [[2622, 3485]],

       [[ 321, 3583]]], dtype=int32)]"
zaal_8,IMG_20190323_113309.jpg,True,"[array([[[2482,  675]],

       [[2401, 2811]],

       [[ 614, 2805]],

       [[ 584,  695]]], dtype=int32)]"
zaal_8,IMG_20190323_113317.jpg,True,"[array([[[ 912,  571]],

       [[3265,  593]],

       [[3246, 2291]],

       [[ 903, 2346]]], dtype=int32)]"
zaal_8,IMG_20190323_113333.jpg,True,"[array([[[ 254, 3673]],

       [[2618, 3700]],

       [[2770,  399]],

       [[ 185,  426]]])]"
zaal_8,IMG_20190323_113340.jpg,True,"[array([[[ 265,  140]],

       [[2770,  173]],

       [[2675, 3303]],

       [[ 325, 3244]]], dtype=int32)]"
zaal_8,IMG_20190323_113346.jpg,True,"[array([[[ 699,  886]],

       [[2348,  932]],

       [[2264, 2902]],

       [[ 756, 2864]]], dtype=int32)]"
zaal_8,IMG_20190323_113351.jpg,True,"[array([[[ 696,  371]],

       [[3606,  364]],

       [[3467, 2607]],

       [[ 957, 2768]]], dtype=int32)]"
zaal_8,IMG_20190323_113355.jpg,True,"[array([[[ 575,  191]],

       [[3525,  231]],

       [[3712, 2787]],

       [[ 473, 2889]]], dtype=int32)]"
zaal_8,IMG_20190323_113401.jpg,True,"[array([[[ 744,  485]],

       [[3490,  523]],

       [[3508, 2595]],

       [[ 777, 2728]]], dtype=int32)]"
zaal_9,IMG_20190323_113653.jpg,False,[]
zaal_9,IMG_20190323_113701.jpg,False,[]
zaal_9,IMG_20190323_113728.jpg,False,[]
zaal_9,IMG_20190323_113734.jpg,True,"[array([[[3000,  485]],

       [[2969, 2009]],

       [[ 817, 2037]],

       [[ 766,  497]]], dtype=int32)]"
zaal_9,IMG_20190323_113739.jpg,True,"[array([[[3366,  527]],

       [[3325, 2277]],

       [[ 860, 2280]],

       [[ 821,  542]]], dtype=int32)]"
zaal_9,IMG_20190323_113745.jpg,True,"[array([[[ 543,  251]],

       [[2791,  292]],

       [[2648, 3259]],

       [[ 603, 3247]]], dtype=int32)]"
zaal_A,20190323_111313.jpg,True,"[array([[[2921,  234]],

       [[2834, 3645]],

       [[ 153, 3564]],

       [[ 123,  244]]], dtype=int32)]"
zaal_A,20190323_111327.jpg,True,"[array([[[ 180,  768]],

       [[2913,  764]],

       [[2892, 3150]],

       [[ 254, 3277]]], dtype=int32)]"
zaal_A,20190323_111348.jpg,True,"[array([[[ 137,  269]],

       [[2970,  285]],

       [[2922, 3644]],

       [[ 171, 3656]]], dtype=int32)]"
zaal_A,20190323_111544.jpg,True,"[array([[[ 298,  446]],

       [[2839,  476]],

       [[2777, 3639]],

       [[ 322, 3557]]], dtype=int32)]"
zaal_A,20190323_111619.jpg,True,"[array([[[2809,  508]],

       [[2809, 3666]],

       [[ 224, 3632]],

       [[ 200,  520]]], dtype=int32)]"
zaal_A,20190323_111709.jpg,True,"[array([[[3661,  147]],

       [[3611, 2770]],

       [[ 635, 2807]],

       [[ 592,  131]]], dtype=int32)]"
zaal_A,20190323_111737.jpg,True,"[array([[[2884,  398]],

       [[2907, 3730]],

       [[ 270, 3700]],

       [[ 276,  396]]], dtype=int32)]"
zaal_A,20190323_111809.jpg,True,"[array([[[2925,  314]],

       [[2936, 3652]],

       [[ 354, 3664]],

       [[ 295,  328]]], dtype=int32)]"
zaal_A,20190323_111830.jpg,True,"[array([[[ 536,  176]],

       [[3890,  193]],

       [[3825, 2857]],

       [[ 563, 2812]]], dtype=int32)]"
zaal_A,20190323_111857.jpg,True,"[array([[[2341,  922]],

       [[2308, 2821]],

       [[ 854, 2815]],

       [[ 829,  935]]], dtype=int32)]"
zaal_A,20190323_111925.jpg,True,"[array([[[2992, 3842]],

       [[3045,  155]],

       [[ 145,  155]],

       [[ 195, 3612]]])]"
zaal_A,20190323_111950.jpg,True,"[array([[[ 262,  331]],

       [[3763,  329]],

       [[3740, 2561]],

       [[ 284, 2561]]], dtype=int32)]"
zaal_A,20190323_112015.jpg,True,"[array([[[ 322,  218]],

       [[2862,  231]],

       [[2891, 3895]],

       [[ 236, 3911]]], dtype=int32)]"
zaal_B,20190323_112228.jpg,True,"[array([[[ 135,  213]],

       [[2950,  258]],

       [[2890, 3659]],

       [[ 172, 3684]]], dtype=int32)]"
zaal_B,20190323_112302.jpg,True,"[array([[[ 571,  535]],

       [[2640,  549]],

       [[2569, 3323]],

       [[ 564, 3273]]], dtype=int32)]"
zaal_B,20190323_112322.jpg,True,"[array([[[ 625,  406]],

       [[3542,  441]],

       [[3519, 2578]],

       [[ 622, 2571]]], dtype=int32)]"
zaal_B,20190323_112346.jpg,True,"[array([[[ 276,   96]],

       [[2776,  134]],

       [[2696, 4019]],

       [[ 313, 3966]]], dtype=int32)]"
zaal_B,20190323_112409.jpg,True,"[array([[[ 230,   58]],

       [[2931,   95]],

       [[2850, 4003]],

       [[ 225, 3930]]], dtype=int32)]"
zaal_B,20190323_112442.jpg,True,"[array([[[3350,  446]],

       [[3327, 2491]],

       [[1108, 2424]],

       [[ 996,  461]]], dtype=int32)]"
zaal_B,20190323_112501.jpg,True,"[array([[[ 206,  169]],

       [[3958,  210]],

       [[3875, 2722]],

       [[ 297, 2720]]], dtype=int32)]"
zaal_B,20190323_112531.jpg,True,"[array([[[ 232,  164]],

       [[2964,  185]],

       [[2947, 3712]],

       [[ 289, 3763]]], dtype=int32)]"
zaal_B,20190323_112638.jpg,True,"[array([[[ 103,  109]],

       [[2999,  118]],

       [[2940, 3473]],

       [[ 128, 3467]]], dtype=int32)]"
zaal_C,20190323_112836.jpg,True,"[array([[[ 715,  614]],

       [[ 720, 1386]],

       [[ 164, 1406]],

       [[ 164,  618]]], dtype=int32), array([[[1371,  616]],

       [[1387, 1375]],

       [[ 837, 1385]],

       [[ 825,  616]]], dtype=int32), array([[[3974, 1438]],

       [[3970, 2212]],

       [[3411, 2190]],

       [[3440, 1441]]], dtype=int32), array([[[3327,  617]],

       [[3319, 1368]],

       [[2791, 1372]],

       [[2788,  626]]], dtype=int32), array([[[1507, 1448]],

       [[2031, 1452]],

       [[2031, 2192]],

       [[1494, 2198]]], dtype=int32), array([[[2678,  618]],

       [[2669, 1373]],

       [[2151, 1374]],

       [[2148,  623]]], dtype=int32), array([[[1488,  618]],

       [[2022,  626]],

       [[2020, 1373]],

       [[1496, 1370]]], dtype=int32), array([[[ 690, 1476]],

       [[ 697, 2154]],

       [[ 207, 2159]],

       [[ 202, 1482]]], dtype=int32), array([[[3964,  617]],

       [[3964, 1371]],

       [[3440, 1369]],

       [[3440,  618]]], dtype=int32), array([[[3332, 1449]],

       [[3325, 2203]],

       [[2787, 2193]],

       [[2787, 1449]]], dtype=int32), array([[[2147, 1458]],

       [[2673, 1459]],

       [[2672, 2188]],

       [[2143, 2188]]], dtype=int32)]"
zaal_C,20190323_112909.jpg,True,"[array([[[4046, 1117]],

       [[4032, 1885]],

       [[3485, 1895]],

       [[3480, 1127]]], dtype=int32), array([[[3365, 1125]],

       [[3359, 1888]],

       [[2812, 1899]],

       [[2806, 1133]]], dtype=int32), array([[[ 817, 1133]],

       [[1368, 1137]],

       [[1366, 1891]],

       [[ 827, 1889]]], dtype=int32), array([[[ 162, 1133]],

       [[ 710, 1138]],

       [[ 705, 1894]],

       [[ 173, 1893]]], dtype=int32), array([[[2682, 1130]],

       [[2682, 1885]],

       [[2151, 1889]],

       [[2145, 1140]]], dtype=int32)]"
zaal_C,20190323_113006.jpg,True,"[array([[[4054,  963]],

       [[4031, 1725]],

       [[3493, 1730]],

       [[3489,  978]]], dtype=int32), array([[[1398, 1005]],

       [[1409, 1724]],

       [[ 890, 1741]],

       [[ 875, 1005]]], dtype=int32), array([[[2592,  994]],

       [[2590, 1726]],

       [[2080, 1728]],

       [[2069, 1001]]], dtype=int32), array([[[ 809, 1110]],

       [[ 817, 1641]],

       [[ 116, 1656]],

       [[ 110, 1118]]], dtype=int32), array([[[1993, 1006]],

       [[1999, 1720]],

       [[1493, 1727]],

       [[1475, 1008]]], dtype=int32)]"
zaal_D,20190323_113233.jpg,True,"[array([[[3642,   58]],

       [[3612, 2783]],

       [[ 503, 2740]],

       [[ 483,   64]]], dtype=int32)]"
zaal_D,20190323_113251.jpg,True,"[array([[[ 133,  265]],

       [[3003,  295]],

       [[2981, 3568]],

       [[ 124, 3535]]], dtype=int32)]"
zaal_D,20190323_113313.jpg,True,"[array([[[ 453,  128]],

       [[3914,  155]],

       [[3884, 2861]],

       [[ 466, 2833]]], dtype=int32)]"
zaal_D,20190323_113342.jpg,True,"[array([[[2931,  164]],

       [[2903, 3563]],

       [[ 184, 3534]],

       [[ 144,  195]]], dtype=int32)]"
zaal_D,20190323_113404.jpg,True,"[array([[[ 138,  275]],

       [[3022,  305]],

       [[2980, 3720]],

       [[ 134, 3727]]], dtype=int32)]"
zaal_D,20190323_113528.jpg,True,"[array([[[ 295,  173]],

       [[2818,  179]],

       [[2821, 3724]],

       [[ 324, 3713]]], dtype=int32)]"
zaal_D,20190323_113603.jpg,True,"[array([[[ 654,  102]],

       [[3682,  119]],

       [[3644, 2771]],

       [[ 680, 2770]]], dtype=int32)]"
zaal_D,20190323_113624.jpg,True,"[array([[[3764,  150]],

       [[3753, 2863]],

       [[ 601, 2803]],

       [[ 547,  126]]], dtype=int32)]"
zaal_D,20190323_113724.jpg,True,"[array([[[3828,   17]],

       [[3804, 2915]],

       [[ 351, 2909]],

       [[ 326,   40]]], dtype=int32)]"
zaal_D,20190323_113753.jpg,True,"[array([[[2989,  299]],

       [[2931, 3483]],

       [[ 147, 3504]],

       [[ 124,  319]]], dtype=int32)]"
zaal_D,20190323_113825.jpg,True,"[array([[[ 205,  224]],

       [[2881,  232]],

       [[2871, 3514]],

       [[ 223, 3502]]], dtype=int32)]"
zaal_D,20190323_113850.jpg,True,"[array([[[ 409,   62]],

       [[3744,  113]],

       [[3785, 2894]],

       [[ 387, 2892]]], dtype=int32)]"
zaal_D,20190323_113929.jpg,True,"[array([[[ 493,  118]],

       [[3645,  126]],

       [[3661, 2849]],

       [[ 495, 2852]]], dtype=int32)]"
zaal_D,20190323_113949.jpg,True,"[array([[[ 484,  100]],

       [[3613,  149]],

       [[3664, 2952]],

       [[ 471, 2943]]], dtype=int32)]"
zaal_D,20190323_114017.jpg,True,"[array([[[ 108,  177]],

       [[2929,  258]],

       [[2891, 3644]],

       [[ 114, 3661]]], dtype=int32)]"
zaal_D,20190323_114047.jpg,True,"[array([[[2986,  239]],

       [[2963, 3531]],

       [[ 244, 3513]],

       [[ 210,  249]]], dtype=int32)]"
zaal_D,20190323_114112.jpg,True,"[array([[[ 669,  108]],

       [[3690,  117]],

       [[3661, 2698]],

       [[ 664, 2683]]], dtype=int32)]"
zaal_D,20190323_114140.jpg,True,"[array([[[ 407,  497]],

       [[2726,  505]],

       [[2711, 3194]],

       [[ 444, 3209]]], dtype=int32), array([[[ 115,  653]],

       [[2992,  952]],

       [[3019, 3489]],

       [[ 132, 3503]]], dtype=int32)]"
zaal_E,20190323_114440.jpg,True,"[array([[[ 435,  285]],

       [[3650,  336]],

       [[3595, 2517]],

       [[ 456, 2519]]], dtype=int32)]"
zaal_E,20190323_114457.jpg,True,"[array([[[ 257,  495]],

       [[2989,  506]],

       [[2932, 3214]],

       [[ 273, 3200]]], dtype=int32)]"
zaal_E,20190323_114514.jpg,True,"[array([[[ 649,  677]],

       [[2585,  689]],

       [[2557, 3335]],

       [[ 604, 3283]]], dtype=int32)]"
zaal_E,20190323_114539.jpg,True,"[array([[[ 408,   86]],

       [[3847,  143]],

       [[3823, 2916]],

       [[ 420, 2915]]], dtype=int32)]"
zaal_E,20190323_114600.jpg,True,"[array([[[ 301,  677]],

       [[2956,  704]],

       [[2953, 3364]],

       [[ 325, 3408]]], dtype=int32)]"
zaal_E,20190323_114646.jpg,True,"[array([[[ 175,  254]],

       [[2923,  274]],

       [[2921, 3326]],

       [[ 241, 3352]]], dtype=int32)]"
zaal_E,20190323_114705.jpg,True,"[array([[[ 172,  616]],

       [[2961,  646]],

       [[2941, 3445]],

       [[ 142, 3404]]], dtype=int32)]"
zaal_E,20190323_114757.jpg,True,"[array([[[2982,  414]],

       [[2975, 3283]],

       [[ 133, 3304]],

       [[  66,  428]]], dtype=int32)]"
zaal_E,20190323_114817.jpg,True,"[array([[[ 156,  265]],

       [[2872,  315]],

       [[2852, 3615]],

       [[ 204, 3638]]], dtype=int32)]"
zaal_E,20190323_114836.jpg,True,"[array([[[ 107,  212]],

       [[2992,  237]],

       [[2970, 3701]],

       [[ 156, 3684]]], dtype=int32)]"
zaal_E,20190323_115257.jpg,True,"[array([[[3700,  122]],

       [[3700, 2773]],

       [[ 443, 2765]],

       [[ 443,  147]]], dtype=int32)]"
zaal_E,20190323_115309.jpg,True,"[array([[[2965,  315]],

       [[2933, 3521]],

       [[ 211, 3566]],

       [[ 113,  352]]], dtype=int32)]"
zaal_E,20190323_115403.jpg,True,"[array([[[ 424,  108]],

       [[3788,  129]],

       [[3753, 2812]],

       [[ 465, 2959]]], dtype=int32)]"
zaal_E,20190323_115421.jpg,True,"[array([[[ 424,  126]],

       [[3701,  177]],

       [[3673, 2801]],

       [[ 485, 2916]]], dtype=int32)]"
zaal_E,20190323_115435.jpg,True,"[array([[[ 395,  146]],

       [[3851,  151]],

       [[3826, 2795]],

       [[ 479, 2868]]], dtype=int32)]"
zaal_E,20190323_115458.jpg,True,"[array([[[2969,  149]],

       [[2922, 3642]],

       [[ 247, 3663]],

       [[ 245,  155]]], dtype=int32)]"
zaal_E,20190323_115513.jpg,True,"[array([[[ 475,  193]],

       [[3723,  193]],

       [[3682, 2721]],

       [[ 562, 2733]]], dtype=int32)]"
zaal_E,20190323_115537.jpg,True,"[array([[[ 595,  163]],

       [[3681,  184]],

       [[3671, 2741]],

       [[ 617, 2762]]], dtype=int32)]"
zaal_F,20190323_115716.jpg,True,"[array([[[ 615,  119]],

       [[3601,  155]],

       [[3595, 2822]],

       [[ 613, 2816]]], dtype=int32)]"
zaal_F,20190323_115732.jpg,True,"[array([[[ 389,  161]],

       [[3851,  176]],

       [[3833, 2750]],

       [[ 415, 2773]]], dtype=int32)]"
zaal_F,20190323_115750.jpg,True,"[array([[[3713,  136]],

       [[3604, 2692]],

       [[ 672, 2644]],

       [[ 655,  124]]], dtype=int32)]"
zaal_F,20190323_115808.jpg,True,"[array([[[3805,  224]],

       [[3764, 2763]],

       [[ 412, 2771]],

       [[ 435,  213]]], dtype=int32)]"
zaal_F,20190323_115830.jpg,True,"[array([[[ 336,  238]],

       [[3952,  276]],

       [[3905, 2569]],

       [[ 344, 2572]]], dtype=int32)]"
zaal_F,20190323_115845.jpg,True,"[array([[[ 754,  174]],

       [[3724,  183]],

       [[3676, 2752]],

       [[ 745, 2723]]], dtype=int32)]"
zaal_F,20190323_115915.jpg,True,"[array([[[ 282,  293]],

       [[3894,  322]],

       [[3862, 2685]],

       [[ 266, 2675]]], dtype=int32)]"
zaal_F,20190323_115950.jpg,True,"[array([[[ 134,  136]],

       [[4004,  188]],

       [[4011, 2761]],

       [[ 143, 2762]]], dtype=int32)]"
zaal_F,20190323_120008.jpg,True,"[array([[[ 494,  265]],

       [[3808,  300]],

       [[3824, 2692]],

       [[ 572, 2673]]], dtype=int32)]"
zaal_F,20190323_120033.jpg,True,"[array([[[ 598,   90]],

       [[3756,  119]],

       [[3703, 2871]],

       [[ 651, 2874]]], dtype=int32)]"
zaal_F,20190323_120057.jpg,True,"[array([[[3913,  117]],

       [[3885, 2743]],

       [[ 294, 2751]],

       [[ 298,  107]]], dtype=int32)]"
zaal_F,20190323_120115.jpg,True,"[array([[[ 323,   74]],

       [[3894,   55]],

       [[3846, 2963]],

       [[ 334, 2973]]], dtype=int32)]"
zaal_G,20190323_120149.jpg,True,"[array([[[ 315,   54]],

       [[3808,   62]],

       [[3796, 3003]],

       [[ 343, 2970]]], dtype=int32)]"
zaal_G,20190323_120214.jpg,False,[]
zaal_G,20190323_120233.jpg,True,"[array([[[3071,  321]],

       [[2963, 3403]],

       [[ 195, 3394]],

       [[ 134,  335]]], dtype=int32)]"
zaal_G,20190323_120258.jpg,True,"[array([[[ 678,  138]],

       [[3772,  136]],

       [[3704, 2806]],

       [[ 668, 2788]]], dtype=int32)]"
zaal_G,20190323_120330.jpg,True,"[array([[[2870,  385]],

       [[2864, 3394]],

       [[ 337, 3381]],

       [[ 285,  417]]], dtype=int32)]"
zaal_G,20190323_120351.jpg,True,"[array([[[ 596,   61]],

       [[3624,   71]],

       [[3614, 2904]],

       [[ 628, 2922]]], dtype=int32)]"
zaal_G,20190323_120406.jpg,True,"[array([[[2971,  295]],

       [[2889, 3474]],

       [[ 363, 3443]],

       [[ 313,  337]]], dtype=int32)]"
zaal_G,20190323_120427.jpg,True,"[array([[[3854,  104]],

       [[3851, 2771]],

       [[ 493, 2772]],

       [[ 503,  112]]], dtype=int32)]"
zaal_G,20190323_120448.jpg,True,"[array([[[2962,  604]],

       [[2953, 3238]],

       [[ 131, 3223]],

       [[ 104,  615]]], dtype=int32)]"
zaal_G,20190323_120503.jpg,True,"[array([[[3639,  120]],

       [[3623, 2753]],

       [[ 376, 2770]],

       [[ 330,  120]]], dtype=int32)]"
zaal_G,20190323_120524.jpg,True,"[array([[[2969,  188]],

       [[2972, 3801]],

       [[ 305, 3843]],

       [[ 296,  195]]], dtype=int32)]"
zaal_H,20190323_120614.jpg,True,"[array([[[ 177,  170]],

       [[3013,  185]],

       [[2962, 3453]],

       [[ 163, 3394]]], dtype=int32)]"
zaal_H,20190323_120646.jpg,True,"[array([[[3892,  125]],

       [[3822, 2850]],

       [[ 474, 2814]],

       [[ 484,  127]]], dtype=int32)]"
zaal_H,20190323_120721.jpg,True,"[array([[[2967,   69]],

       [[2932, 3504]],

       [[ 233, 3565]],

       [[ 214,   95]]], dtype=int32)]"
zaal_H,20190323_120750.jpg,True,"[array([[[3941,  125]],

       [[3831, 2926]],

       [[ 303, 2849]],

       [[ 249,  149]]], dtype=int32)]"
zaal_H,20190323_120815.jpg,True,"[array([[[ 794,  209]],

       [[3451,  227]],

       [[3444, 2583]],

       [[ 846, 2681]]], dtype=int32)]"
zaal_I,20190323_121107.jpg,True,"[array([[[2324,  715]],

       [[2322, 3071]],

       [[ 741, 3106]],

       [[ 715,  713]]], dtype=int32)]"
zaal_I,20190323_121131.jpg,False,[]
zaal_I,20190323_121200.jpg,True,"[array([[[ 333,  163]],

       [[1950,  183]],

       [[1951, 1309]],

       [[ 335, 1300]]], dtype=int32), array([[[ 333, 1526]],

       [[1962, 1514]],

       [[1952, 2631]],

       [[ 350, 2648]]], dtype=int32), array([[[2175,  184]],

       [[3723,  214]],

       [[3714, 1298]],

       [[2169, 1309]]], dtype=int32), array([[[3725, 1526]],

       [[3705, 2607]],

       [[2166, 2622]],

       [[2184, 1517]]], dtype=int32)]"
zaal_I,20190323_121222.jpg,False,[]
zaal_II,IMG_20190323_111200.jpg,True,"[array([[[3219,  555]],

       [[3328, 2631]],

       [[ 913, 2631]],

       [[ 986,  584]]], dtype=int32)]"
zaal_II,IMG_20190323_111239.jpg,False,[]
zaal_II,IMG_20190323_111309.jpg,True,"[array([[[ 161,   42]],

       [[3827,  102]],

       [[4031, 3014]],

       [[   0, 2887]]], dtype=int32)]"
zaal_II,IMG_20190323_111336.jpg,True,"[array([[[ 825,  263]],

       [[3187,  265]],

       [[3248, 2691]],

       [[ 743, 2681]]], dtype=int32)]"
zaal_J,20190323_121308.jpg,True,"[array([[[2735,  423]],

       [[2746, 3584]],

       [[ 514, 3584]],

       [[ 492,  403]]], dtype=int32)]"
zaal_J,20190323_121436.jpg,True,"[array([[[3896,  314]],

       [[3854, 2753]],

       [[ 393, 2753]],

       [[ 382,  311]]], dtype=int32)]"
zaal_J,20190323_121605.jpg,True,"[array([[[ 511,  202]],

       [[3955,  232]],

       [[3925, 2602]],

       [[ 529, 2634]]], dtype=int32)]"
zaal_J,20190323_121630.jpg,True,"[array([[[ 856,  841]],

       [[2300,  898]],

       [[2234, 2737]],

       [[ 881, 2674]]], dtype=int32)]"
zaal_J,20190323_121646.jpg,True,"[array([[[2803,  341]],

       [[2813, 3655]],

       [[ 484, 3675]],

       [[ 441,  353]]], dtype=int32)]"
zaal_J,20190323_121704.jpg,True,"[array([[[3795,  110]],

       [[3745, 2756]],

       [[ 763, 2775]],

       [[ 723,   91]]], dtype=int32)]"
zaal_J,20190323_121730.jpg,True,"[array([[[2805,  938]],

       [[ 414,  721]],

       [[ 434, 3623]],

       [[2761, 3622]]])]"
zaal_J,20190323_121753.jpg,True,"[array([[[2252,  782]],

       [[2244, 2860]],

       [[ 858, 2874]],

       [[ 835,  805]]], dtype=int32)]"
zaal_J,20190323_121834.jpg,True,"[array([[[2642,  352]],

       [[2642, 3443]],

       [[ 484, 3453]],

       [[ 431,  363]]], dtype=int32)]"
zaal_J,20190323_121919.jpg,True,"[array([[[3032,  545]],

       [[3009, 2118]],

       [[1335, 2112]],

       [[1316,  544]]], dtype=int32)]"
zaal_K,20190323_122001.jpg,True,"[array([[[1130, 1169]],

       [[2051, 1172]],

       [[2029, 2522]],

       [[1175, 2521]]], dtype=int32)]"
zaal_K,20190323_122019.jpg,True,"[array([[[ 721,  143]],

       [[3354,  190]],

       [[3302, 2631]],

       [[ 725, 2642]]], dtype=int32)]"
zaal_K,20190323_122032.jpg,True,"[array([[[3832,  260]],

       [[3805, 2623]],

       [[ 443, 2622]],

       [[ 412,  251]]], dtype=int32)]"
zaal_K,20190323_122122.jpg,False,[]
zaal_K,20190323_122235.jpg,False,[]
zaal_K,20190323_122258.jpg,False,[]
zaal_K,20190323_122326.jpg,False,[]
zaal_K,20190323_122357.jpg,True,"[array([[[1811,  983]],

       [[1800, 1922]],

       [[1136, 1922]],

       [[1135,  985]]], dtype=int32), array([[[ 889,  972]],

       [[ 899, 1921]],

       [[ 233, 1922]],

       [[ 233,  985]]], dtype=int32), array([[[3897,  975]],

       [[3885, 1921]],

       [[3241, 1922]],

       [[3238,  973]]], dtype=int32)]"
zaal_L,20190323_122601.jpg,True,"[array([[[ 323,  255]],

       [[3714,  293]],

       [[3675, 2601]],

       [[ 334, 2603]]], dtype=int32)]"
zaal_L,20190323_122614.jpg,True,"[array([[[1902,  834]],

       [[1889, 2021]],

       [[ 193, 2020]],

       [[ 181,  813]]], dtype=int32), array([[[3922,  841]],

       [[3883, 2022]],

       [[2198, 2011]],

       [[2198,  831]]], dtype=int32)]"
zaal_L,20190323_122633.jpg,True,"[array([[[2663,  371]],

       [[2673, 3373]],

       [[ 564, 3392]],

       [[ 524,  394]]], dtype=int32)]"
zaal_L,20190323_122703.jpg,False,[]
zaal_L,20190323_122719.jpg,True,"[array([[[2141, 1143]],

       [[2162, 2692]],

       [[1041, 2716]],

       [[1012, 1167]]], dtype=int32)]"
zaal_L,20190323_122739.jpg,True,"[array([[[2150,  835]],

       [[2131, 2472]],

       [[1016, 2492]],

       [[ 972,  831]]], dtype=int32)]"
zaal_L,20190323_122756.jpg,False,[]
zaal_L,20190323_122825.jpg,True,"[array([[[ 522,  394]],

       [[3795,  392]],

       [[3785, 2651]],

       [[ 545, 2662]]], dtype=int32)]"
zaal_L,20190323_122914.jpg,True,"[array([[[ 413,  361]],

       [[2694,  405]],

       [[2675, 3555]],

       [[ 464, 3603]]], dtype=int32)]"
zaal_L,20190323_122937.jpg,True,"[array([[[ 462,  293]],

       [[3703,  303]],

       [[3695, 2532]],

       [[ 484, 2543]]], dtype=int32)]"
zaal_L,20190323_122950.jpg,False,[]
zaal_M,20190323_123139.jpg,True,"[array([[[ 529,  122]],

       [[3440,  126]],

       [[3423, 2756]],

       [[ 543, 2737]]], dtype=int32)]"
zaal_M,20190323_123155.jpg,True,"[array([[[3582,   33]],

       [[3593, 2976]],

       [[ 646, 3089]],

       [[ 501,   51]]], dtype=int32)]"
zaal_M,20190323_123208.jpg,True,"[array([[[3643,  115]],

       [[3614, 2904]],

       [[ 563, 2900]],

       [[ 561,  129]]], dtype=int32)]"
zaal_M,20190323_123223.jpg,True,"[array([[[3914,   88]],

       [[3874, 2974]],

       [[ 384, 3021]],

       [[ 336,  107]]], dtype=int32)]"
zaal_M,20190323_123249.jpg,True,"[array([[[3543,   34]],

       [[3495, 2693]],

       [[ 503, 2682]],

       [[ 445,   28]]], dtype=int32)]"
zaal_M,20190323_123303.jpg,True,"[array([[[3829,   81]],

       [[3803, 2846]],

       [[ 495, 2822]],

       [[ 496,   65]]], dtype=int32)]"
zaal_M,20190323_123315.jpg,True,"[array([[[3671,  208]],

       [[3633, 2706]],

       [[ 596, 2703]],

       [[ 616,  193]]], dtype=int32)]"
zaal_M,20190323_123401.jpg,True,"[array([[[ 768,   96]],

       [[3814,  141]],

       [[3834, 2843]],

       [[ 772, 2867]]], dtype=int32)]"
zaal_M,20190323_123455.jpg,True,"[array([[[ 432,   53]],

       [[3614,  110]],

       [[3612, 2914]],

       [[ 462, 2935]]], dtype=int32)]"
zaal_M,20190323_123528.jpg,True,"[array([[[ 491,   48]],

       [[3723,   54]],

       [[3664, 2891]],

       [[ 510, 2910]]], dtype=int32)]"
zaal_M,20190323_123543.jpg,True,"[array([[[ 232,   86]],

       [[2755,  145]],

       [[2730, 3723]],

       [[ 293, 3764]]], dtype=int32)]"
zaal_M,20190323_123601.jpg,True,"[array([[[3072,  534]],

       [[3026, 3611]],

       [[ 278, 3604]],

       [[ 244,  546]]], dtype=int32)]"
zaal_M,20190323_123614.jpg,False,[]
zaal_M,20190323_123630.jpg,True,"[array([[[2937,  158]],

       [[2940, 3732]],

       [[ 304, 3751]],

       [[ 248,  209]]], dtype=int32)]"
zaal_M,20190323_123642.jpg,True,"[array([[[ 180,  457]],

       [[2991,  461]],

       [[3019, 3510]],

       [[ 198, 3535]]], dtype=int32)]"
zaal_M,20190323_123701.jpg,True,"[array([[[2923,  205]],

       [[2916, 3705]],

       [[ 393, 3695]],

       [[ 355,  225]]], dtype=int32)]"
zaal_M,20190323_123723.jpg,False,[]
zaal_M,20190323_123740.jpg,True,"[array([[[ 433,  126]],

       [[3692,  219]],

       [[3685, 2773]],

       [[ 445, 2773]]], dtype=int32)]"
zaal_M,20190323_123750.jpg,True,"[array([[[ 496,  147]],

       [[3866,  174]],

       [[3844, 2821]],

       [[ 535, 2865]]], dtype=int32)]"
zaal_N,20190323_123901.jpg,True,"[array([[[2818,  153]],

       [[2843, 3144]],

       [[ 305, 3173]],

       [[ 306,  149]]], dtype=int32)]"
zaal_N,20190323_123939.jpg,True,"[array([[[ 155,   45]],

       [[3010,  358]],

       [[2961, 3283]],

       [[ 164, 3313]]], dtype=int32)]"
zaal_N,20190323_124009.jpg,True,"[array([[[2561,  161]],

       [[2682, 3864]],

       [[ 396, 3849]],

       [[ 391,  181]]], dtype=int32)]"
zaal_N,20190323_124030.jpg,True,"[array([[[2742,    0]],

       [[2903, 3864]],

       [[ 374, 3865]],

       [[ 334,  135]]], dtype=int32)]"
zaal_N,20190323_124105.jpg,True,"[array([[[ 195,  125]],

       [[3893,  144]],

       [[3915, 2801]],

       [[ 235, 2873]]], dtype=int32)]"
zaal_N,20190323_124121.jpg,True,"[array([[[2816,  242]],

       [[2862, 3352]],

       [[ 345, 3363]],

       [[ 285,  150]]], dtype=int32)]"
zaal_O,IMG_20190323_124106.jpg,True,"[array([[[1052,  404]],

       [[2894,  423]],

       [[2877, 2430]],

       [[1093, 2479]]], dtype=int32)]"
zaal_O,IMG_20190323_124111.jpg,False,[]
zaal_O,IMG_20190323_124115.jpg,True,"[array([[[3198, 1077]],

       [[3184, 2060]],

       [[1011, 2047]],

       [[1004, 1073]]], dtype=int32)]"
zaal_O,IMG_20190323_124207.jpg,False,[]
zaal_O,IMG_20190323_124212.jpg,False,[]
zaal_O,IMG_20190323_124220.jpg,False,[]
zaal_P,IMG_20190323_123615.jpg,True,"[array([[[ 525,  617]],

       [[3231,  639]],

       [[3197, 2523]],

       [[ 521, 2534]]], dtype=int32)]"
zaal_P,IMG_20190323_123621.jpg,True,"[array([[[3201,  535]],

       [[3107, 2438]],

       [[ 860, 2397]],

       [[ 826,  538]]], dtype=int32)]"
zaal_P,IMG_20190323_123708.jpg,True,"[array([[[ 522,  252]],

       [[3438,  265]],

       [[3366, 2610]],

       [[ 574, 2631]]], dtype=int32)]"
zaal_P,IMG_20190323_123713.jpg,True,"[array([[[3360, 2626]],

       [[3375,  406]],

       [[1031,  428]],

       [[1094, 2421]]])]"
zaal_P,IMG_20190323_123717.jpg,True,"[array([[[2844, 2270]],

       [[2851,  880]],

       [[1168,  869]],

       [[1222, 2253]]])]"
zaal_P,IMG_20190323_123722.jpg,True,"[array([[[3346,  409]],

       [[3318, 2439]],

       [[1084, 2530]],

       [[ 986,  432]]], dtype=int32)]"
zaal_P,IMG_20190323_123727.jpg,True,"[array([[[ 793,  396]],

       [[3304,  419]],

       [[3254, 2518]],

       [[ 841, 2564]]], dtype=int32)]"
zaal_P,IMG_20190323_123738.jpg,True,"[array([[[ 356,  504]],

       [[2629,  529]],

       [[2589, 2920]],

       [[ 336, 2866]]], dtype=int32)]"
zaal_P,IMG_20190323_123744.jpg,True,"[array([[[3305,  542]],

       [[3317, 2491]],

       [[ 676, 2484]],

       [[ 717,  525]]], dtype=int32)]"
zaal_P,IMG_20190323_123751.jpg,True,"[array([[[2177, 1105]],

       [[2144, 2883]],

       [[ 930, 2855]],

       [[ 835, 1118]]], dtype=int32)]"
zaal_P,IMG_20190323_123756.jpg,True,"[array([[[ 652,  927]],

       [[2330,  963]],

       [[2280, 2979]],

       [[ 633, 2958]]], dtype=int32)]"
zaal_P,IMG_20190323_123801.jpg,True,"[array([[[ 450,  584]],

       [[2567,  588]],

       [[2518, 3120]],

       [[ 493, 3136]]], dtype=int32)]"
zaal_P,IMG_20190323_123806.jpg,True,"[array([[[ 410,  757]],

       [[2606,  829]],

       [[2496, 3172]],

       [[ 402, 3158]]], dtype=int32)]"
zaal_P,IMG_20190323_123820.jpg,True,"[array([[[ 703,  479]],

       [[3128,  484]],

       [[3149, 2340]],

       [[ 699, 2360]]], dtype=int32)]"
zaal_Q,IMG_20190323_123517.jpg,True,"[array([[[ 635,  905]],

       [[2236,  950]],

       [[2138, 3056]],

       [[ 640, 3080]]], dtype=int32)]"
zaal_R,IMG_20190323_123250.jpg,True,"[array([[[ 594,  689]],

       [[2408,  739]],

       [[2216, 3513]],

       [[ 715, 3475]]], dtype=int32)]"
zaal_R,IMG_20190323_123255.jpg,True,"[array([[[ 736, 3288]],

       [[2379, 3302]],

       [[2370,  584]],

       [[ 667,  624]]])]"
zaal_R,IMG_20190323_123300.jpg,True,"[array([[[ 524,  750]],

       [[2489,  804]],

       [[3023, 3242]],

       [[   0, 3261]]], dtype=int32)]"
zaal_R,IMG_20190323_123307.jpg,True,"[array([[[2579,  806]],

       [[2465, 3120]],

       [[ 606, 3145]],

       [[ 533,  834]]], dtype=int32)]"
zaal_R,IMG_20190323_123314.jpg,True,"[array([[[ 420,  759]],

       [[2390,  791]],

       [[2349, 3208]],

       [[ 531, 3201]]], dtype=int32)]"
zaal_R,IMG_20190323_123325.jpg,True,"[array([[[3066,  366]],

       [[3047, 2497]],

       [[ 653, 2489]],

       [[ 615,  384]]], dtype=int32)]"
zaal_R,IMG_20190323_123330.jpg,True,"[array([[[2718,  541]],

       [[2672, 2263]],

       [[1018, 2354]],

       [[ 883,  551]]], dtype=int32)]"
zaal_R,IMG_20190323_123340.jpg,True,"[array([[[ 409,  846]],

       [[2161,  943]],

       [[1955, 3026]],

       [[ 392, 2979]]], dtype=int32)]"
zaal_S,IMG_20190323_122521.jpg,True,"[array([[[3265,  645]],

       [[3199, 2345]],

       [[ 921, 2278]],

       [[ 875,  641]]], dtype=int32)]"
zaal_S,IMG_20190323_122524.jpg,True,"[array([[[2755,  857]],

       [[2712, 2292]],

       [[1236, 2221]],

       [[1205,  864]]], dtype=int32)]"
zaal_S,IMG_20190323_122529.jpg,False,[]
zaal_S,IMG_20190323_122534.jpg,True,"[array([[[1026, 2455]],

       [[2981, 2433]],

       [[3059,  743]],

       [[1045,  816]]])]"
zaal_S,IMG_20190323_122537.jpg,True,"[array([[[3136,  508]],

       [[3069, 2445]],

       [[ 744, 2431]],

       [[ 711,  509]]], dtype=int32)]"
zaal_S,IMG_20190323_122540.jpg,True,"[array([[[2671,  877]],

       [[2758, 2052]],

       [[1301, 2029]],

       [[1367,  869]]], dtype=int32)]"
zaal_S,IMG_20190323_122542.jpg,True,"[array([[[1546, 3007]],

       [[2545, 3023]],

       [[2497, 2526]],

       [[1537, 2633]]]), array([[[2670, 2345]],

       [[2775, 3023]],

       [[1216, 3023]],

       [[1327, 2342]]], dtype=int32)]"
zaal_S,IMG_20190323_122547.jpg,True,"[array([[[2558,  774]],

       [[2656, 2016]],

       [[1660, 2020]],

       [[1655,  826]]], dtype=int32), array([[[1209, 1533]],

       [[1157, 2300]],

       [[ 284, 2296]],

       [[ 392, 1541]]], dtype=int32)]"
zaal_S,IMG_20190323_122553.jpg,True,"[array([[[1986,  667]],

       [[1995, 1405]],

       [[1440, 1410]],

       [[1426,  674]]], dtype=int32), array([[[1290, 1679]],

       [[1277, 2294]],

       [[ 524, 2301]],

       [[ 543, 1689]]], dtype=int32), array([[[2060, 1557]],

       [[2042, 2156]],

       [[1385, 2142]],

       [[1358, 1591]]], dtype=int32), array([[[1255,  538]],

       [[1251,  999]],

       [[ 614,  988]],

       [[ 663,  567]]], dtype=int32)]"
zaal_S,IMG_20190323_122600.jpg,True,"[array([[[ 432,  234]],

       [[2768,  256]],

       [[2786, 3268]],

       [[ 263, 3120]]], dtype=int32)]"
zaal_S,IMG_20190323_122613.jpg,True,"[array([[[ 701,  374]],

       [[3176,  394]],

       [[3148, 2509]],

       [[ 698, 2518]]], dtype=int32)]"
zaal_S,IMG_20190323_122617.jpg,True,"[array([[[1189,  772]],

       [[2838,  783]],

       [[3323, 3023]],

       [[ 719, 3023]]], dtype=int32)]"
zaal_S,IMG_20190323_122626.jpg,True,"[array([[[ 882,  517]],

       [[3120,  536]],

       [[3125, 2278]],

       [[ 862, 2271]]], dtype=int32)]"
zaal_S,IMG_20190323_122635.jpg,True,"[array([[[1063,  921]],

       [[2760,  930]],

       [[2718, 2088]],

       [[1108, 2125]]], dtype=int32)]"
zaal_S,IMG_20190323_122638.jpg,True,"[array([[[1016,  511]],

       [[3091,  556]],

       [[3253, 2636]],

       [[ 818, 2626]]], dtype=int32)]"
zaal_S,IMG_20190323_122641.jpg,True,"[array([[[1609, 1273]],

       [[2602, 1266]],

       [[2670, 1688]],

       [[1592, 1724]]], dtype=int32), array([[[ 997, 1816]],

       [[3062, 1821]],

       [[3341, 3023]],

       [[ 742, 3023]]], dtype=int32), array([[[1091, 1944]],

       [[2960, 1951]],

       [[3188, 3023]],

       [[ 901, 3023]]], dtype=int32)]"
zaal_S,IMG_20190323_122646.jpg,True,"[array([[[2712,  374]],

       [[2603, 3149]],

       [[ 533, 3100]],

       [[ 482,  419]]], dtype=int32)]"
zaal_S,IMG_20190323_122649.jpg,True,"[array([[[2542, 2145]],

       [[2663, 3023]],

       [[1342, 3023]],

       [[1501, 2133]]], dtype=int32), array([[[1139,  283]],

       [[ 886, 2258]],

       [[   1, 2287]],

       [[   0,  300]]], dtype=int32), array([[[1303, 1993]],

       [[3254, 1997]],

       [[3402, 3023]],

       [[1200, 3023]]], dtype=int32)]"
zaal_S,IMG_20190323_122651.jpg,False,[]
zaal_S,IMG_20190323_122656.jpg,True,"[array([[[ 797,  942]],

       [[2250,  947]],

       [[2131, 2634]],

       [[ 823, 2548]]], dtype=int32)]"
zaal_S,IMG_20190323_122659.jpg,True,"[array([[[2311, 1003]],

       [[2489, 3047]],

       [[ 628, 3009]],

       [[ 848, 1016]]], dtype=int32)]"
zaal_S,IMG_20190323_122709.jpg,True,"[array([[[2174,  896]],

       [[3705,  931]],

       [[3721, 2128]],

       [[2185, 2131]]], dtype=int32), array([[[1123,  944]],

       [[2020,  993]],

       [[2018, 1792]],

       [[1116, 1805]]], dtype=int32), array([[[1017, 1442]],

       [[ 999, 2268]],

       [[ 343, 2289]],

       [[ 353, 1447]]], dtype=int32)]"
zaal_S,IMG_20190323_122720.jpg,True,"[array([[[1156,  598]],

       [[1878,  618]],

       [[1870, 1525]],

       [[1152, 1525]]], dtype=int32), array([[[1026, 1459]],

       [[1009, 2177]],

       [[ 182, 2178]],

       [[ 193, 1456]]], dtype=int32), array([[[2869,  685]],

       [[2859, 1345]],

       [[1961, 1336]],

       [[1956,  685]]], dtype=int32), array([[[3055,  625]],

       [[3715,  634]],

       [[3718, 1498]],

       [[3067, 1488]]], dtype=int32), array([[[1934, 1546]],

       [[2526, 1545]],

       [[2522, 2099]],

       [[1938, 2101]]], dtype=int32), array([[[3236, 1560]],

       [[3713, 1574]],

       [[3711, 2149]],

       [[3246, 2145]]], dtype=int32), array([[[1769, 1577]],

       [[1755, 2067]],

       [[1162, 2054]],

       [[1173, 1584]]], dtype=int32), array([[[2963, 1429]],

       [[2968, 1895]],

       [[2583, 1890]],

       [[2566, 1429]]], dtype=int32), array([[[   0,  510]],

       [[1016,  524]],

       [[1015, 1192]],

       [[   0, 1208]]], dtype=int32)]"
zaal_S,IMG_20190323_122727.jpg,True,"[array([[[ 946, 1169]],

       [[2079, 1178]],

       [[2078, 2508]],

       [[ 989, 2497]]], dtype=int32)]"
zaal_S,IMG_20190323_122730.jpg,True,"[array([[[1223,  655]],

       [[3230,  656]],

       [[3213, 2389]],

       [[1273, 2445]]], dtype=int32)]"
zaal_S,IMG_20190323_122734.jpg,True,"[array([[[2934,  854]],

       [[3087, 2229]],

       [[ 885, 2211]],

       [[1057,  854]]], dtype=int32)]"
zaal_S,IMG_20190323_122741.jpg,True,"[array([[[2130, 1261]],

       [[2231, 2867]],

       [[ 836, 2886]],

       [[ 913, 1270]]], dtype=int32), array([[[3023, 1344]],

       [[3023, 2521]],

       [[2398, 2500]],

       [[2286, 1366]]], dtype=int32), array([[[2037, 3008]],

       [[2096, 4031]],

       [[ 800, 4031]],

       [[ 877, 3019]]], dtype=int32)]"
zaal_S,IMG_20190323_122744.jpg,True,"[array([[[1081,  677]],

       [[2881,  684]],

       [[2888, 2101]],

       [[1119, 2150]]], dtype=int32)]"
zaal_S,IMG_20190323_122748.jpg,True,"[array([[[ 997,  396]],

       [[3327,  431]],

       [[3329, 2344]],

       [[1047, 2409]]], dtype=int32)]"
zaal_S,IMG_20190323_122752.jpg,False,[]
zaal_S,IMG_20190323_122754.jpg,True,"[array([[[3028,  696]],

       [[3008, 2391]],

       [[1272, 2397]],

       [[1210,  720]]], dtype=int32), array([[[  73, 1353]],

       [[1053, 1320]],

       [[1068,  475]],

       [[ 106,  497]]]), array([[[3204,  956]],

       [[4031,  973]],

       [[4031, 2986]],

       [[3299, 2954]]], dtype=int32)]"
zaal_S,IMG_20190323_122759.jpg,True,"[array([[[3056,  688]],

       [[3137, 1681]],

       [[1268, 1707]],

       [[1283,  697]]], dtype=int32), array([[[1849, 1980]],

       [[1864, 3023]],

       [[ 607, 3023]],

       [[ 715, 1998]]], dtype=int32), array([[[3223, 2217]],

       [[3316, 3023]],

       [[2124, 3023]],

       [[2050, 2237]]], dtype=int32), array([[[1072,  850]],

       [[1005, 1754]],

       [[   0, 1808]],

       [[   0,  821]]], dtype=int32)]"
zaal_S,IMG_20190323_122803.jpg,True,"[array([[[1319,  839]],

       [[2666,  840]],

       [[2738, 2028]],

       [[1228, 2031]]], dtype=int32), array([[[2288, 2132]],

       [[2307, 2987]],

       [[1382, 2990]],

       [[1437, 2129]]], dtype=int32), array([[[1216, 2186]],

       [[1132, 2945]],

       [[ 268, 2962]],

       [[ 416, 2191]]], dtype=int32)]"
zaal_S,IMG_20190323_122809.jpg,True,"[array([[[1508, 2657]],

       [[2312, 2663]],

       [[2381, 3412]],

       [[1508, 3418]]], dtype=int32)]"
zaal_S,IMG_20190323_122812.jpg,True,"[array([[[3278,  939]],

       [[3340, 1938]],

       [[2170, 1941]],

       [[2148,  944]]], dtype=int32), array([[[1866, 1015]],

       [[1845, 1898]],

       [[ 756, 1920]],

       [[ 821, 1017]]], dtype=int32)]"
zaal_S,IMG_20190323_122815.jpg,True,"[array([[[ 755,  555]],

       [[3007,  576]],

       [[2969, 2388]],

       [[ 823, 2461]]], dtype=int32)]"
zaal_S,IMG_20190323_122819.jpg,True,"[array([[[ 933,  724]],

       [[3065,  766]],

       [[3037, 2308]],

       [[ 982, 2355]]], dtype=int32)]"
zaal_S,IMG_20190323_122821.jpg,False,[]
zaal_S,IMG_20190323_122830.jpg,True,"[array([[[3290,  395]],

       [[3288, 2561]],

       [[ 899, 2646]],

       [[ 834,  404]]], dtype=int32)]"
zaal_S,IMG_20190323_122834.jpg,True,"[array([[[1927, 2605]],

       [[1954, 1354]],

       [[ 950, 1326]],

       [[ 949, 2584]]])]"
zaal_S,IMG_20190323_122838.jpg,True,"[array([[[3279,  807]],

       [[3441, 2180]],

       [[ 779, 2234]],

       [[ 994,  834]]], dtype=int32)]"
zaal_S,IMG_20190323_122844.jpg,True,"[array([[[ 441,  454]],

       [[1787,  476]],

       [[1787, 1260]],

       [[ 433, 1294]]], dtype=int32), array([[[ 912, 1425]],

       [[1768, 1434]],

       [[1749, 2226]],

       [[ 893, 2243]]], dtype=int32), array([[[2862, 1575]],

       [[3620, 1576]],

       [[3644, 2209]],

       [[2869, 2241]]], dtype=int32), array([[[1935,  752]],

       [[2649,  752]],

       [[2624, 1396]],

       [[1938, 1401]]], dtype=int32), array([[[1923, 1532]],

       [[2659, 1535]],

       [[2666, 2078]],

       [[1926, 2103]]], dtype=int32), array([[[3365,  563]],

       [[4031,  551]],

       [[4031, 1174]],

       [[3381, 1156]]], dtype=int32), array([[[3493, 1205]],

       [[3869, 1211]],

       [[3880, 1530]],

       [[3504, 1545]]], dtype=int32), array([[[ 801, 1681]],

       [[ 784, 2049]],

       [[ 505, 2052]],

       [[ 514, 1676]]], dtype=int32), array([[[3064, 1227]],

       [[3411, 1229]],

       [[3418, 1518]],

       [[3066, 1529]]], dtype=int32)]"
zaal_S,IMG_20190323_122850.jpg,True,"[array([[[2564,  450]],

       [[2655, 3286]],

       [[ 635, 3275]],

       [[ 638,  512]]], dtype=int32)]"
zaal_S,IMG_20190323_122859.jpg,True,"[array([[[1203,  747]],

       [[3017,  755]],

       [[2928, 2359]],

       [[1215, 2291]]], dtype=int32), array([[[ 868, 1004]],

       [[ 920, 2311]],

       [[   1, 2329]],

       [[   0, 1003]]], dtype=int32)]"
zaal_S,IMG_20190323_122902.jpg,True,"[array([[[1170, 1150]],

       [[1911, 1198]],

       [[1919, 2609]],

       [[1056, 2521]]], dtype=int32), array([[[ 744, 3001]],

       [[2329, 3020]],

       [[2381, 4031]],

       [[ 670, 4031]]], dtype=int32)]"
zaal_S,IMG_20190323_122907.jpg,True,"[array([[[2841,  677]],

       [[2764, 2168]],

       [[ 996, 2098]],

       [[ 967,  679]]], dtype=int32)]"
zaal_S,IMG_20190323_122910.jpg,True,"[array([[[1076,  472]],

       [[2938,  475]],

       [[2829, 2286]],

       [[1105, 2251]]], dtype=int32), array([[[4031,  561]],

       [[4031, 2336]],

       [[3248, 2292]],

       [[3266,  615]]], dtype=int32)]"
zaal_S,IMG_20190323_122915.jpg,True,"[array([[[2969, 2372]],

       [[3024, 3023]],

       [[1794, 3022]],

       [[1819, 2358]]], dtype=int32)]"
zaal_S,IMG_20190323_122919.jpg,True,"[array([[[1552,  343]],

       [[2750,  361]],

       [[2749, 1509]],

       [[1546, 1488]]], dtype=int32), array([[[1377, 1767]],

       [[1387,  324]],

       [[ 375,  285]],

       [[ 405, 1697]]]), array([[[2896, 1475]],

       [[3709, 1474]],

       [[3681, 2233]],

       [[2928, 2216]]], dtype=int32), array([[[2759, 1575]],

       [[2743, 2186]],

       [[2041, 2169]],

       [[2025, 1573]]], dtype=int32), array([[[3007,  383]],

       [[3484,  397]],

       [[3478, 1275]],

       [[3012, 1258]]], dtype=int32), array([[[1929, 1535]],

       [[1916, 2170]],

       [[1274, 2170]],

       [[1294, 1535]]], dtype=int32), array([[[1028, 1812]],

       [[1012, 2243]],

       [[ 473, 2229]],

       [[ 486, 1819]]], dtype=int32)]"
zaal_S,IMG_20190323_122925.jpg,True,"[array([[[1209,  626]],

       [[2854,  622]],

       [[2756, 1806]],

       [[1266, 1810]]], dtype=int32)]"
zaal_S,IMG_20190323_122927.jpg,False,[]
zaal_S,IMG_20190323_122932.jpg,True,"[array([[[4031, 1075]],

       [[4031, 2659]],

       [[2938, 2622]],

       [[2775, 1106]]], dtype=int32)]"
zaal_S,IMG_20190323_122939.jpg,True,"[array([[[3018,  492]],

       [[3042, 2306]],

       [[ 922, 2288]],

       [[ 952,  495]]], dtype=int32)]"
zaal_S,IMG_20190323_122944.jpg,True,"[array([[[1870,  692]],

       [[3568,  726]],

       [[3598, 2207]],

       [[1866, 2218]]], dtype=int32), array([[[ 366, 2243]],

       [[1666, 2219]],

       [[1747,  725]],

       [[ 436,  695]]])]"
zaal_S,IMG_20190323_122950.jpg,True,"[array([[[2949,  716]],

       [[2880, 1921]],

       [[1243, 1916]],

       [[1197,  716]]], dtype=int32), array([[[ 694,  736]],

       [[ 692, 1811]],

       [[   0, 1767]],

       [[   0,  835]]], dtype=int32)]"
zaal_S,IMG_20190323_122952.jpg,True,"[array([[[3188, 1027]],

       [[4019, 1025]],

       [[4031, 1829]],

       [[3140, 1860]]], dtype=int32), array([[[4031,  875]],

       [[4031, 2016]],

       [[3029, 1992]],

       [[3074,  880]]], dtype=int32)]"
zaal_S,IMG_20190323_122958.jpg,False,[]
zaal_S,IMG_20190323_123004.jpg,True,"[array([[[ 553,  413]],

       [[3247,  427]],

       [[3268, 2627]],

       [[ 541, 2629]]], dtype=int32)]"
zaal_S,IMG_20190323_123009.jpg,True,"[array([[[2171,  883]],

       [[2146, 2753]],

       [[ 747, 2762]],

       [[ 690,  888]]], dtype=int32)]"
zaal_S,IMG_20190323_123015.jpg,True,"[array([[[ 694,  298]],

       [[3235,  296]],

       [[3302, 2390]],

       [[ 663, 2433]]], dtype=int32)]"
zaal_S,IMG_20190323_123021.jpg,True,"[array([[[ 977, 1054]],

       [[2055, 1065]],

       [[1995, 2935]],

       [[ 972, 2878]]], dtype=int32), array([[[ 966,    0]],

       [[2519,   58]],

       [[2515,  693]],

       [[ 968,  707]]], dtype=int32)]"
zaal_S,IMG_20190323_123023.jpg,True,"[array([[[1432,  892]],

       [[2725,  891]],

       [[2795, 1716]],

       [[1381, 1720]]], dtype=int32)]"
zaal_S,IMG_20190323_123029.jpg,True,"[array([[[ 590,  468]],

       [[3105,  573]],

       [[3312, 2475]],

       [[ 518, 2500]]], dtype=int32)]"
zaal_S,IMG_20190323_123036.jpg,True,"[array([[[ 553,  535]],

       [[3617,  544]],

       [[3664, 2371]],

       [[ 547, 2460]]], dtype=int32)]"
zaal_S,IMG_20190323_123051.jpg,True,"[array([[[3307,  212]],

       [[3721, 3023]],

       [[ 389, 3023]],

       [[ 737,  284]]], dtype=int32)]"
zaal_V,IMG_20190323_121716.jpg,False,[]
zaal_V,IMG_20190323_121727.jpg,False,[]
zaal_V,IMG_20190323_121732.jpg,False,[]
zaal_V,IMG_20190323_121737.jpg,True,"[array([[[3204,  511]],

       [[3140, 2156]],

       [[ 953, 2159]],

       [[ 944,  671]]], dtype=int32)]"
zaal_V,IMG_20190323_121740.jpg,False,[]
zaal_V,IMG_20190323_121743.jpg,False,[]
zaal_V,IMG_20190323_121746.jpg,True,"[array([[[3209,  673]],

       [[3087, 2161]],

       [[1062, 2139]],

       [[ 946,  678]]], dtype=int32)]"
zaal_V,IMG_20190323_121750.jpg,False,[]
zaal_V,IMG_20190323_121753.jpg,False,[]
zaal_V,IMG_20190323_121800.jpg,True,"[array([[[ 814,  352]],

       [[3410,  343]],

       [[3289, 2191]],

       [[ 973, 2221]]], dtype=int32)]"
zaal_V,IMG_20190323_121804.jpg,False,[]
zaal_V,IMG_20190323_121808.jpg,True,"[array([[[3109,  544]],

       [[3142, 2264]],

       [[1092, 2289]],

       [[1125,  575]]], dtype=int32)]"
zaal_V,IMG_20190323_121812.jpg,False,[]
zaal_V,IMG_20190323_121817.jpg,True,"[array([[[4031,  -20]],

       [[4029, 2621]],

       [[   0, 3015]],

       [[  33,  171]]])]"
zaal_V,IMG_20190323_121820.jpg,False,[]
zaal_V,IMG_20190323_121823.jpg,False,[]
zaal_V,IMG_20190323_121825.jpg,False,[]
zaal_V,IMG_20190323_121829.jpg,False,[]
zaal_V,IMG_20190323_121833.jpg,False,[]
